Date,Start Time,End Time,Source,Event,Description
2026-07-31,,,Wasatch HS,Cross Country High Altitude Camp,
2026-08-01,,,Wasatch HS,Cross Country High Altitude Camp,
2026-08-01,,,Wasatch HS,Fair Days Parade,
2026-08-01,7:30 AM,12:00 PM,Wasatch HS,Boys Basketball 3 on 3 Tournament,
2026-08-03,6:00 PM,7:00 PM,Deer Creek HS,Girls Volleyball parent meeting,
2026-08-03,9:00 AM,1:00 PM,Wasatch HS,Senior Picture Day,
2026-08-04,10:00 AM,2:00 PM,Deer Creek HS,Girls Soccer vs. Hillcrest,JV 10am and V 12pm
2026-08-04,6:00 PM,8:00 PM,Deer Creek HS,Mandatory Coaches Training,"Room set up for 50 people--tables and chairs.

Microphone and TV"
2026-08-04,7:00 PM,9:00 PM,Wasatch HS,WHS Coaches Training,
2026-08-04,9:00 AM,1:00 PM,Wasatch HS,Senior Picture Day,
2026-08-05,6:00 PM,8:00 PM,Deer Creek HS,Drill Parent Meeting,
2026-08-06,3:00 PM,9:00 PM,Wasatch HS,Girls Soccer @ Park City (Quinn's Sportex Field),"Soph. 3:00

JV 5:00

Varsity 7:00"
2026-08-06,6:00 PM,8:30 PM,Wasatch HS,Football Cake Auction (Commons),
2026-08-07,,,Deer Creek HS,Girls Tennis Tournament @ Brighton,
2026-08-07,8:00 AM,2:00 PM,Wasatch HS,Girls Tennis @ Lehi,"Lehi Open

Wasatch vs Lehi 10 AM

Wasatch vs Alta 12 Pm

first day Lehi courts"
2026-08-08,,,Deer Creek HS,Girls Tennis Tournament @ Brighton,
2026-08-08,10:00 AM,11:00 AM,Deer Creek HS,Dance Co Practice ,
2026-08-08,8:00 AM,12:00 PM,Wasatch HS,Girls Tennis @ Westlake courts,"wasatch vrs Lehi 10 AM Lehi Courts

Wasatch vrs Alta 12:00 Pm

Day one Lehi Courts"
2026-08-10,,,Deer Creek HS,Boys Golf @ Wasatch (Lake),
2026-08-10,3:00 PM,6:00 PM,Wasatch HS,Tennis Girls vs Park City,Preseason vrs Park City
2026-08-10,3:00 PM,6:00 PM,Deer Creek HS,Girls Tennis @ Pleasant Grove,
2026-08-10,6:00 PM,7:00 PM,Deer Creek HS,XC parent meeting,
2026-08-10,8:00 AM,2:00 PM,Wasatch HS,New Student Tours,
2026-08-10,8:00 AM,12:00 PM,Wasatch HS,Golf Boys,"Host Deer Creek

location Wasatch State Park Lake Course"
2026-08-11,3:30 PM,4:30 PM,Wasatch HS,Girls Soccer Varsity and JV @ Springville,"Varsity 7:00 PM
JV 5:00 PM"
2026-08-11,4:00 PM,6:00 PM,Deer Creek HS,Girls Soccer Home--Salt Lake Academy,
2026-08-11,5:00 PM,9:00 PM,Deer Creek HS,Drill Team Fundraising Banquet,Deer Creek Drill Team fundraising banquet--setup at 5:00.  Dinner starts at 7:00.
2026-08-11,5:30 PM,7:30 PM,Wasatch HS,ALT ORIENTATION,
2026-08-11,5:45 PM,7:00 PM,Deer Creek HS,Frosh Soccer VS. Salt Lake Academy,
2026-08-11,8:00 AM,12:00 PM,Wasatch HS,Welcome Back Teachers,@ DCHS
2026-08-11,9:00 AM,2:30 PM,Wasatch HS,Media Day Photo Shoot,
2026-08-12,,,Deer Creek HS,Boys Golf @ Soldier Hollow (Silver),
2026-08-12,,,Soldier Hollow,Skirious Problems Ski Camp,"Come out to Soldier Hollow for two days of world-class cross-country coaching, real talk and hands-on training – built by athletes, for the next generation. Hosted by Olympians and World Cup athletes James Clugnet & Mika Vermeulen."
2026-08-12,6:00 PM,8:00 PM,Wasatch HS,Back to School Night,
2026-08-12,6:00 PM,8:00 PM,Deer Creek HS,Back to School Night,
2026-08-12,8:00 AM,3:00 PM,Wasatch HS,Wasatch Back Conference,
2026-08-13,,,Wasatch HS,Professional Development Day,
2026-08-13,3:30 PM,4:45 PM,Deer Creek HS,Frosh Soccer @ Timpview,
2026-08-13,5:00 PM,6:00 PM,Wasatch HS,Girls Soccer-home vs. Spanish Fork,"JV 5:00

Varsity 7:00

vs-Spanish Fork"
2026-08-13,7:00 PM,9:30 PM,Wasatch HS,Varsity Football vs. Cedar (Theme: Lights Out),
2026-08-13,8:00 AM,9:30 AM,Wasatch HS,Staff Training,
2026-08-13,9:00 AM,2:30 PM,Wasatch HS,Media Day Photo Shoot,
2026-08-14,,,Wasatch HS,Professional Development Day,
2026-08-14,,,Deer Creek HS,Girls Tennis@ Ashton Invitational/Utah County,
2026-08-14,10:00 AM,1:30 PM,Deer Creek HS,Girls Soccer vs. Desert Hills ,
2026-08-14,7:00 PM,9:00 PM,Deer Creek HS,Varsity Football vs. Mountain Crest,
2026-08-15,,,Deer Creek HS,Girls Tennis@ Ashton Invitational/Utah County,
2026-08-15,,,Deer Creek HS,JV Volleyball Tournament @ Provo,
2026-08-15,,,Soldier Hollow,"Utah High School Cycling League – Region 1, Race 1 – August 15, 2026","Soldier Hollow welcomes the Utah High School Cycling League’s Region 1 race at Soldier Hollow on August 15. UHSCL is an affiliate league of NICA, with races for all abilities from 7th grade to Varsity for boys and girls. Pre-ride information is below. For all information about this event, please visit www.utahmtb.org . REGISTER HERE"
2026-08-15,9:00 AM,1:00 PM,Wasatch HS,Girls Soccer Home vs. Desert Hills,"Varsity 9:00 Am
JV 11:00 AM
vr Desert Hills"
2026-08-17,,,Wasatch HS,Freshman First Day of School,
2026-08-18,,,Wasatch HS,Gold Day - First Day of School 10-12,
2026-08-18,2:30 PM,3:30 PM,Wasatch HS,Freshmen Rep Info Meeting -- Room 509,
2026-08-18,3:00 PM,6:00 PM,Wasatch HS,Tennis vs Cottonwood,home vrs Cottonwood
2026-08-18,3:30 PM,8:30 PM,Wasatch HS,Girls Volleyball @ Salem Hills,"Soph 3:30
JV 5:00
Varsity 6:30

At Salem Hills"
2026-08-18,4:00 PM,6:15 PM,Deer Creek HS,Frosh Soccer @ Springville,
2026-08-18,5:00 PM,8:00 PM,Wasatch HS,Girls Soccer vs Provo,"Varsity 7:00 PM Stadium
JV. 5:00 PM Quad
versus Provo"
2026-08-18,5:00 PM,8:30 PM,Deer Creek HS,Girls Soccer @ Mountain View,Varsity @ 7 pm
2026-08-19,,,Wasatch HS,Black Day,
2026-08-19,6:00 PM,7:45 PM,Deer Creek HS,Frosh Football vs. Mountain Ridge,
2026-08-20,,,Wasatch HS,Gold Day,
2026-08-20,1:00 PM,4:00 PM,Wasatch HS,Golf @ Riverbend,Riverbend.
2026-08-20,1:00 PM,8:30 PM,Deer Creek HS,Boys Golf @ Riverbend,
2026-08-20,2:30 PM,9:00 PM,Wasatch HS,Girls Volleyball vs Spanish Fork (Neon Theme),"Soph 3:30
JV 5:00
Varsity 6:30"
2026-08-20,3:30 PM,6:15 PM,Deer Creek HS,Girls Tennis @ Green Canyon,
2026-08-20,5:00 PM,8:30 PM,Wasatch HS,Girls Soccer @ Mountain View,"JV 5:00 PM
Varsity 7:00 PM"
2026-08-20,5:00 PM,6:00 PM,Deer Creek HS,Frosh Soccer vs. Maple Mountain,
2026-08-20,5:00 PM,6:00 PM,Deer Creek HS,Girls Soccer @ Timpanogos,Varisty @ 7 pm
2026-08-20,5:30 PM,6:30 PM,Wasatch HS,Heber Market on Main Pep Rally,
2026-08-20,5:30 PM,6:30 PM,Deer Creek HS,Pep Rally in the Park,
2026-08-20,6:00 PM,8:00 PM,Wasatch HS,Frosh Football,Frosh Football
2026-08-20,6:00 PM,8:00 PM,Wasatch HS,Freshman Football vs Mt. Crest,
2026-08-20,6:00 PM,8:00 PM,Wasatch HS,Intro to High School - Hispanic Night,
2026-08-21,,,Wasatch HS,Black Day,
2026-08-21,,,Wasatch HS,Girls Volleyball @ Freemont,Varsity Tournament @Fremont times TBD
2026-08-21,,,Deer Creek HS,Varsity Volleyball Tournament @ Skyview HS,
2026-08-21,3:00 PM,7:00 PM,Wasatch HS,Tennis @ MVHS,Girls Tennis @ MVHS
2026-08-21,3:30 PM,4:30 PM,Deer Creek HS,Frosh Soccer VS. Timpview,
2026-08-21,5:30 PM,8:30 PM,Deer Creek HS,Girls Soccer Gala,
2026-08-21,6:00 PM,8:30 PM,Wasatch HS,Cross Country @Payson,cross Country @Payson
2026-08-21,6:00 PM,8:00 PM,Wasatch HS,Intro to High School - Hispanic Night,
2026-08-21,7:00 AM,8:00 AM,Wasatch HS,Senior Sunrise,
2026-08-21,7:00 PM,9:00 PM,Wasatch HS,Football @ Mtn Crest,Varsity@7:00
2026-08-21,7:00 PM,9:30 PM,Deer Creek HS,Varsity Football @ Hillcrest,
2026-08-22,,,Wasatch HS,Girls Volley Fresh and Soph @North Sanpete,"Fresh and Soph tournament at North Sanpete
Times TBD"
2026-08-22,,,Deer Creek HS,FR/Soph Girls Volleyball @ N. Sanpete Tournament,
2026-08-22,,,Deer Creek HS,Varsity Volleyball Tournament @ Skyview HS,
2026-08-22,,,Soldier Hollow,"Utah High School Cycling League – Region 3, Race 1 – August 22, 2026","Soldier Hollow welcomes the Utah High School Cycling League’s Region 3 race at Soldier Hollow on August 22. UHSCL is an affiliate league of NICA, with races for all abilities from 7th grade to Varsity for boys and girls. Pre-ride information is below. For all information about this event, please visit www.utahmtb.org . REGISTER HERE"
2026-08-22,7:00 AM,5:00 PM,Deer Creek HS,Youth Football Games,
2026-08-23,,,Wasatch HS,Submit Hello Dolly Vocal Auditions Today,
2026-08-24,,,Wasatch HS,Week of Welcome,
2026-08-24,,,Wasatch HS,Gold Day,
2026-08-24,,,Wasatch HS,Picture Day -- Grades 10 & 11,
2026-08-24,10:30 AM,11:10 AM,Wasatch HS,Watch Mater Tales During Lunch -- Week of Welcome,
2026-08-24,1:30 PM,2:30 PM,Wasatch HS,Football Study Hall,
2026-08-24,3:00 PM,5:00 PM,Wasatch HS,Hello Dolly Auditions,
2026-08-24,5:30 PM,6:30 PM,Wasatch HS,Sophomore Soccer @Cedar Valley,Sophomore Soccer @Cedar Valley
2026-08-24,6:45 AM,7:45 AM,Deer Creek HS,Senior Sunrise,
2026-08-25,,,Wasatch HS,Week of Welcome,
2026-08-25,,,Wasatch HS,Black Day,
2026-08-25,,,Wasatch HS,Picture Day - Grades 9 & 12,
2026-08-25,11:13 AM,11:53 AM,Wasatch HS,Mario Kart at Lunch -- Week of Welcome,
2026-08-25,3:00 PM,6:00 PM,Wasatch HS,JV Boys Golf Soldier Hollow,"Wasatch JV vs Orem. 9 holes 

Soldier Hollow"
2026-08-25,3:30 PM,6:30 PM,Wasatch HS,Girls Tennis Vs Deer Creek,tennis vrs Deer Creek
2026-08-25,3:30 PM,8:00 PM,Wasatch HS,Volleyball vs Payson,"volleyball tournament vs Payson 

Sophomore- 3:30

Fresh -5:00

JV- 5:00

Varsity- 6:30"
2026-08-25,3:30 PM,6:15 PM,Deer Creek HS,Girls Tennis @ Wasatch ,
2026-08-25,3:30 PM,8:30 PM,Deer Creek HS,Girls Volleyball @ Park City,
2026-08-25,5:00 PM,6:45 PM,Deer Creek HS,Girls Soccer vs Orem,JV @ 5pm Varisty 7 pm
2026-08-25,6:00 PM,7:00 PM,Deer Creek HS,B_LAX OPEN TRAINING,
2026-08-25,7:00 PM,9:00 PM,Wasatch HS,Varsity Girls Soccer Vs. Summit,"Varsity 7:00 PM Stadium
JV 5:00 PM Quad"
2026-08-26,,,Wasatch HS,Week of Welcome,
2026-08-26,,,Wasatch HS,Gold Day,
2026-08-26,10:15 AM,11:15 AM,Deer Creek HS,Meet the Freshmen Candidates Lunch,
2026-08-26,11:13 AM,12:13 PM,Wasatch HS,Hot wheels car show -- Week of Welcome,
2026-08-26,3:00 PM,5:00 PM,Wasatch HS,Hello Dolly Callbacks,
2026-08-26,4:00 PM,5:00 PM,Wasatch HS,Girl Soccer Sophomore vs Alta,
2026-08-26,4:30 PM,5:30 PM,Deer Creek HS,Frosh Soccer vs. Granger,
2026-08-26,6:00 PM,8:00 PM,Wasatch HS,Football (Fresh) @Mt Ridge,Freshman Football @6:00
2026-08-27,,,Wasatch HS,Week of Welcome Dress in Cars Colors,"Freshman - Green 

Sophomores- Blue 

Juniors - Brown 

Seniors - Red"
2026-08-27,,,Wasatch HS,Black Day,
2026-08-27,10:15 AM,11:15 AM,Deer Creek HS,Club Rush,
2026-08-27,3:00 PM,6:00 PM,Wasatch HS,JV Boys Golf @Soldier Hollow,JV Vs Lone Peak 9 holes
2026-08-27,3:30 PM,8:30 PM,Deer Creek HS,Girls Volleyball vs South Summit,
2026-08-27,4:00 PM,8:30 PM,Wasatch HS,FFA Crawdad Fishing at Strawberry ,
2026-08-27,5:00 PM,7:00 PM,Wasatch HS,JV Girls Soccer,
2026-08-27,5:00 PM,9:00 PM,Deer Creek HS,Girls Soccer @ Provo,V @ 7 pm
2026-08-27,7:00 PM,9:00 PM,Wasatch HS,Var Girls Soccer vs Timpanogos,"Varsity 7:00 PM Stadium
JV 5:00 PM Quad"
2026-08-27,7:00 PM,9:00 PM,Deer Creek HS,Stud Gov Game night,
2026-08-28,,,Wasatch HS,Week of Welcome,
2026-08-28,,,Wasatch HS,Gold Day,
2026-08-28,,,Wasatch HS,Girls Tennis WestLake Open,"WestLake Open (Saratogo utah)
Location and times TBD
Aug 28-29"
2026-08-28,,,Deer Creek HS,Boys Golf @ Red Rock Cup HS Invitational,
2026-08-28,,,Deer Creek HS,Girls Tennis @ Westlake Tournament,
2026-08-28,,,Soldier Hollow,Ragnar Trail Soldier Hollow,Conquer the ridgelines of Soldier Hollow with sweeping views of Mount Timpanogos and Deer Creek Reservoir. Grab your team and register at the link below!
2026-08-28,3:00 PM,6:00 PM,Deer Creek HS,DC Girls Basketball,Bantam Tryouts
2026-08-28,7:00 PM,8:00 PM,Wasatch HS,Cars at the stadium --Week of Welcome,
2026-08-28,7:00 PM,9:00 PM,Wasatch HS,Football @ Bonneville,
2026-08-28,7:00 PM,8:00 PM,Deer Creek HS,Varsity Football @ Jordan ,
2026-08-28,7:30 AM,8:00 AM,Deer Creek HS,Denim and Donuts Day,
2026-08-29,,,Wasatch HS,Girls Tennis WestLake Open,"2nd day of WestLake Open Saratogo Springs
Times TBD"
2026-08-29,,,Wasatch HS,Girls JV Volleyball Tournament @ Provo,"JV@bulldog Bash Provo
Times TBD"
2026-08-29,,,Deer Creek HS,Girls Tennis @ Westlake Tournament,
2026-08-29,6:00 PM,9:00 PM,Deer Creek HS,Boys Golf Fundraising Dinner,
2026-08-29,7:00 AM,5:00 PM,Deer Creek HS,Youth Football Games,
2026-08-29,7:30 AM,1:00 PM,Wasatch HS,Cross Country @Spanish Fork,Cross country @Spanish Fork
2026-08-29,7:30 AM,1:30 PM,Deer Creek HS,Cross Country @ UIAA,
2026-08-31,,,Wasatch HS,Black Day,
2026-08-31,5:00 PM,6:00 PM,Deer Creek HS,Frosh Soccer @ Cedar Valley High School,
2026-09-01,,,Wasatch HS,Gold Day,
2026-09-01,3:00 PM,7:00 PM,Wasatch HS,Girls soccer @ Uintah,"JV 3:00 PM
Varsity 5:00 PM"
2026-09-01,3:30 PM,6:30 PM,Wasatch HS,Girls Tennis @ Provo,"Varsity 3:30
Provo High school"
2026-09-01,3:30 PM,8:00 PM,Wasatch HS,Girls Volleyball vs Uintah,"Fresh 5:00 Aux Gym
Soph 3:30 Nest
JV 5:00 Nest
Varsity 6:30 Nest
vrs Uintah"
2026-09-01,3:30 PM,6:15 PM,Deer Creek HS,Girls Tennis @ Mountain View,
2026-09-01,3:30 PM,8:30 PM,Deer Creek HS,Girls Volleyball @ Summit Academy,
2026-09-01,5:00 PM,6:15 PM,Deer Creek HS,Girls Soccer vs. Summit,JV @ 5 V@7
2026-09-01,6:00 AM,9:15 AM,Deer Creek HS,Dance Co Practice,
2026-09-01,8:00 AM,2:15 PM,Wasatch HS,Boys Golf @Provo,"Host Provo

Mountain View 8 am Shotgun"
2026-09-01,8:00 AM,5:00 PM,Deer Creek HS,Boys Golf @ Mountain View,
2026-09-02,,,Wasatch HS,Black Day,
2026-09-02,11:00 AM,1:00 PM,Wasatch HS,Club Swarm @Lunch,
2026-09-02,5:30 PM,7:00 PM,Wasatch HS,Sophomore Girls Soccer,
2026-09-02,6:00 PM,7:00 PM,Wasatch HS,Football (Fresh) vs Deer Creek,Freshman @6:00
2026-09-02,6:00 PM,7:45 PM,Deer Creek HS,Frosh Football @ Wasatch,
2026-09-03,,,Wasatch HS,Gold Day,
2026-09-03,,,Deer Creek HS,WBL- Bringhurst,
2026-09-03,3:00 PM,7:00 PM,Deer Creek HS,Girls Soccer @ Uintah,V @ 5pm
2026-09-03,3:30 PM,6:30 PM,Wasatch HS,Girls Tennis VS MVHS,
2026-09-03,3:30 PM,8:00 PM,Wasatch HS,Girls Volleyball @Mountain View,"Fresh 5:00
Soph 3:30
JV 5:00
Varsity 6:30"
2026-09-03,3:30 PM,6:15 PM,Deer Creek HS,Girls Tennis vs. Timpanogos,
2026-09-03,3:30 PM,8:30 PM,Deer Creek HS,Girls Volleyball @ Timpanogos,
2026-09-03,5:00 PM,7:00 PM,Wasatch HS,JV Girls Soccer vs. Orem,
2026-09-03,5:00 PM,6:30 PM,Wasatch HS,Math Tutoring,
2026-09-03,7:00 PM,9:00 PM,Wasatch HS,Var Girls Soccer Vrs Orem,"Varsity 7:00 Stadium
JV 5:00 Quad"
2026-09-04,,,Wasatch HS,Black Day,
2026-09-04,,,Deer Creek HS,WBL- Bringhurst,
2026-09-04,01:00 PM,02:30 PM,Heber Valley Railroad,Deer Creek Express,
2026-09-04,03:30 PM,05:00 PM,Heber Valley Railroad,Deer Creek Express,
2026-09-04,3:00 PM,4:00 PM,Wasatch HS,Cross Country @ Timpanogos Invitational,"cross country Timpanogos Invitational

Lake Side Park Orem"
2026-09-04,5:30 PM,7:00 PM,Deer Creek HS,Dance Co Game Day,
2026-09-04,7:00 PM,9:00 PM,Wasatch HS,Football @ Deer Creek (Theme: Gold Out),
2026-09-04,7:00 PM,9:15 PM,Deer Creek HS,Varsity Football vs. Wasatch,
2026-09-04,9:00 AM,10:00 AM,Deer Creek HS,SOAR Time,
2026-09-04,9:00 AM,10:00 AM,Deer Creek HS,Cross Country @ Timpanogos Invite,
2026-09-05,01:00 PM,02:30 PM,Heber Valley Railroad,Deer Creek Express,
2026-09-05,03:30 PM,05:00 PM,Heber Valley Railroad,Deer Creek Express,
2026-09-05,9:00 AM,11:00 AM,Wasatch HS,Swiss Days Parade,
2026-09-07,,,Wasatch HS,Labor Day -- No School,
2026-09-07,01:00 PM,02:30 PM,Heber Valley Railroad,Deer Creek Express,
2026-09-07,03:30 PM,05:00 PM,Heber Valley Railroad,Deer Creek Express,
2026-09-07,07:00 PM,08:30 PM,Heber Valley Railroad,Monday Night Train,
2026-09-08,,,Wasatch HS,Gold Day,
2026-09-08,3:30 PM,8:00 PM,Wasatch HS,Girls Volleyball @ Provo,volleyball @Provo
2026-09-08,3:30 PM,6:15 PM,Deer Creek HS,Girls Tennis @ Orem,
2026-09-08,3:30 PM,8:30 PM,Deer Creek HS,Girls Volleyball vs. Mt. View,
2026-09-08,5:00 PM,9:00 PM,Wasatch HS,Girls Soccer @ Deer Creek,"Varsity 7:00 PM
JV 5:00 PM
@Deer Creek High School"
2026-09-08,5:00 PM,8:45 PM,Deer Creek HS,Girls Soccer vs. Wasatch,jv @ 5 V @ 7
2026-09-08,5:00 PM,6:00 PM,Deer Creek HS,Frosh Girls Soccer vs. Wasatch,
2026-09-08,8:00 AM,2:30 PM,Deer Creek HS,Cross Country @ Uintah Invite,
2026-09-09,,,Wasatch HS,Black Day,
2026-09-09,01:00 PM,02:30 PM,Heber Valley Railroad,Deer Creek Express,
2026-09-09,3:00 PM,6:00 PM,Wasatch HS,JV Boys Golf @ cedar hills,JV vrs Lone Peak @ Cedar Hills G.C.
2026-09-09,3:00 PM,4:00 PM,Wasatch HS,Tennis vs Timpanogas High School,
2026-09-09,3:30 PM,6:15 PM,Deer Creek HS,Girls Tennis,
2026-09-09,4:30 PM,5:30 PM,Deer Creek HS,Frosh Soccer @ Salt Lake Academy,
2026-09-09,6:00 PM,8:00 PM,Wasatch HS,Football ( Fresh) @ Timpanogos,Freshman Football
2026-09-09,6:00 PM,7:45 PM,Deer Creek HS,Frosh Football Vs. Uintah,
2026-09-09,9:00 AM,2:00 PM,Wasatch HS,Photography Noblets Field Trip,
2026-09-10,,,Wasatch HS,Varsity Girls Volleyball @ UVU tournament,varsity volleyball tournament @UVU PG host
2026-09-10,,,Wasatch HS,Gold Day,
2026-09-10,,,Wasatch HS,Girls Volleyball Varsity Tournament @ UVU,
2026-09-10,,,Deer Creek HS,WBL- Bringhurst,
2026-09-10,,,Deer Creek HS,Girls Tennis State Tournament @ Liberty Park,
2026-09-10,,,Deer Creek HS,Girls Tennis @  St. George Tournament,
2026-09-10,,,Deer Creek HS,Girls Volleyball Varsity Tournament @ UVU,
2026-09-10,01:00 PM,02:30 PM,Heber Valley Railroad,Deer Creek Express,
2026-09-10,03:30 PM,05:00 PM,Heber Valley Railroad,Deer Creek Express,
2026-09-10,1:00 PM,5:00 PM,Wasatch HS,JV Boys Golf @ Sleepy Ridge,"JV @ Sleepy Ridge

orem 18 holes 1 PM tee time"
2026-09-10,5:00 PM,6:30 PM,Wasatch HS,Math Tutoring,
2026-09-10,5:00 PM,9:00 PM,Wasatch HS,Girls Soccer@Provo,"Varsity 7:00 PM
JV 5:00 Pm"
2026-09-10,5:00 PM,9:00 PM,Deer Creek HS,Girls Soccer vs. Mountain View,jv @ 5  V @ 7
2026-09-11,,,Wasatch HS,Black Day,
2026-09-11,,,Wasatch HS,Girls Volleyball Varsity Tournament @ UVU,
2026-09-11,,,Deer Creek HS,WBL- Bringhurst,
2026-09-11,,,Deer Creek HS,Girls Tennis @  St. George Tournament,
2026-09-11,,,Deer Creek HS,Girls Volleyball Varsity Tournament @ UVU,
2026-09-11,,,Soldier Hollow,Mamele Mountain Run,"This race is for YOU Get ready to lace up for Mamele Mountains, an exhilarating 8-mile trail run exclusively for women, winding through some of the country’s most breathtaking landscapes. Set in the stunning terrain of Midway UT, this race is crafted for women at all levels who are eager for a true adventure. For more information, visit https://mamelemountains.com/ Register Here"
2026-09-11,01:00 PM,02:30 PM,Heber Valley Railroad,Deer Creek Express,
2026-09-11,03:30 PM,05:00 PM,Heber Valley Railroad,Deer Creek Express,
2026-09-11,07:00 PM,10:30 PM,Heber Valley Railroad,HOBO Train,
2026-09-11,4:00 PM,6:00 PM,Wasatch HS,Sophomore Soccer Girls vs Skyridge,sophomore soccer girls vs skyridge
2026-09-11,7:00 PM,9:00 PM,Wasatch HS,Football @ Timpanogos,
2026-09-11,7:00 PM,9:15 PM,Deer Creek HS,Varsity Football @ Uintah,
2026-09-12,,,Wasatch HS,Girls Volleyball Varsity Tournament @ UVU,
2026-09-12,,,Deer Creek HS,Girls Tennis @  St. George Tournament,
2026-09-12,,,Deer Creek HS,Girls Volleyball Varsity Tournament @ UVU,
2026-09-12,01:00 PM,02:30 PM,Heber Valley Railroad,Deer Creek Express,
2026-09-12,03:30 PM,05:00 PM,Heber Valley Railroad,Deer Creek Express,
2026-09-12,12:00 PM,4:30 PM,Deer Creek HS,Boys Basketball vs. Wasatch/S.Summit,
2026-09-12,7:00 AM,5:00 PM,Deer Creek HS,Youth Football Games,
2026-09-12,8:30 AM,1:00 PM,Wasatch HS,Cross Country,Cross Country
2026-09-12,8:30 AM,4:30 PM,Deer Creek HS,Cross Country @ Border Wars,
2026-09-14,,,Wasatch HS,Gold Day,
2026-09-14,01:00 PM,02:30 PM,Heber Valley Railroad,Deer Creek Express,
2026-09-14,03:30 PM,05:00 PM,Heber Valley Railroad,Deer Creek Express,
2026-09-14,07:00 PM,08:30 PM,Heber Valley Railroad,Monday Night Train,
2026-09-14,2:00 PM,10:00 PM,Wasatch HS,Wasatch FFA at the Utah State Fair,"Wasatch FFA members will be hosting guests at the ""Little Hands on the Farm"" exhibit at the Utah State Fair from 2 til 10 PM."
2026-09-15,,,Wasatch HS,Black Day,
2026-09-15,3:30 PM,4:30 PM,Wasatch HS,Girls Tennis vs Uintah,
2026-09-15,3:30 PM,8:00 PM,Wasatch HS,Girls Volleyball vs Summit,"Soph 3:30 Nest
JV 5:00 Nest
Varsity 6:30 Nest"
2026-09-15,3:30 PM,8:30 PM,Deer Creek HS,Girls Volleyball vs. Orem,
2026-09-15,4:00 PM,5:00 PM,Wasatch HS,Mini Cheer,
2026-09-15,5:00 PM,7:00 PM,Wasatch HS,JV Girls Soccer vrs Mountain View,
2026-09-15,5:00 PM,6:30 PM,Deer Creek HS,Girls Soccer vs. Timpanogos,jv 5 pm on Aux Turf  v 7pm @ stadium
2026-09-15,7:00 PM,9:00 PM,Wasatch HS,Var Girls Soccer @Home vs Mountain View,"Varsity 7:00 Stadium
JV 5:00 Quad
against Mountain View"
2026-09-15,9:00 AM,1:00 PM,Wasatch HS,Boys Golf @ Uintah,"Host Uintah

Dinaland Golf Course"
2026-09-15,9:00 AM,3:30 PM,Deer Creek HS,Boys Golf @ Dinoland,
2026-09-16,,,Wasatch HS,Gold Day,
2026-09-16,01:00 PM,02:30 PM,Heber Valley Railroad,Deer Creek Express,
2026-09-16,3:30 PM,6:15 PM,Deer Creek HS,Cross Country @ Carbon Invite,
2026-09-16,4:00 PM,6:00 PM,Wasatch HS,Mini Cheer,
2026-09-16,6:00 AM,9:00 AM,Deer Creek HS,Dance Co Practice,
2026-09-16,6:00 PM,8:00 PM,Wasatch HS,Girls Soccer Make a Difference Gala,
2026-09-16,6:00 PM,7:00 PM,Wasatch HS,Football (Fresh) @Uintah,Freshman Football @6:00
2026-09-16,6:30 PM,8:15 PM,Deer Creek HS,Frosh Football @ Skyline,
2026-09-16,8:00 AM,12:00 PM,Wasatch HS,Boys Golf host Timpanogos. ,"Host Timpangos

Roosevelt 8 am shotgun"
2026-09-16,8:00 AM,3:00 PM,Deer Creek HS,Boys Golf @ Roosevelt,
2026-09-17,,,Wasatch HS,Black Day,
2026-09-17,,,Deer Creek HS,WBL- Bringhurst,
2026-09-17,01:00 PM,02:30 PM,Heber Valley Railroad,Deer Creek Express,
2026-09-17,03:30 PM,05:00 PM,Heber Valley Railroad,Deer Creek Express,
2026-09-17,3:30 PM,6:30 PM,Wasatch HS,Girls Tennis @ Orem,
2026-09-17,3:30 PM,9:00 PM,Wasatch HS,Girls Volleyball@ Timpanogos,"Fresh 5:00
Soph 3:30
JV 5:00
Varsity 6:30
@Timpanogos"
2026-09-17,3:30 PM,7:00 PM,Wasatch HS,Girls Soccer @Summit Academy,"Varsity 3:30 
JV 5:00 
@summit academy"
2026-09-17,3:30 PM,7:30 PM,Deer Creek HS,Girls Soccer @ Orem,V 3:30 pm & JV 5 pm
2026-09-17,3:30 PM,6:15 PM,Deer Creek HS,Girls Tennis vs. Uintah,
2026-09-17,3:30 PM,8:30 PM,Deer Creek HS,Girls Volleyball @ Provo,
2026-09-17,4:00 PM,6:00 PM,Wasatch HS,Mini Cheer,
2026-09-17,4:30 PM,5:30 PM,Deer Creek HS,Frosh Soccer @ Granger,
2026-09-17,5:00 PM,6:30 PM,Wasatch HS,Math Tutoring,
2026-09-17,6:00 AM,7:45 AM,Deer Creek HS,Dance Co Practice ,
2026-09-18,,,Wasatch HS,Gold Day,
2026-09-18,,,Deer Creek HS,WBL- Bringhurst,
2026-09-18,01:00 PM,02:30 PM,Heber Valley Railroad,Deer Creek Express,
2026-09-18,03:30 PM,05:00 PM,Heber Valley Railroad,Deer Creek Express,
2026-09-18,07:00 PM,09:00 PM,Heber Valley Railroad,Wine & Cheese Tasting Train ,
2026-09-18,10:00 AM,11:00 AM,Deer Creek HS,Girls Volleyball Tournament @ Cottonwood,
2026-09-18,10:30 AM,5:00 PM,Wasatch HS,Girls volleyball @ cottonwood tournament,volleyball tournament @ cottonwood
2026-09-18,5:00 PM,9:00 PM,Deer Creek HS,Dance Co Game Day,
2026-09-18,6:00 AM,9:00 AM,Deer Creek HS,Dance Co Practice ,
2026-09-18,7:00 PM,9:00 PM,Wasatch HS,Football vs Uintah,Varsity 7:00
2026-09-18,7:00 PM,9:15 PM,Deer Creek HS,Varsity Football vs. Mountain View,
2026-09-19,,,Wasatch HS,Marching Band @ Payson High,
2026-09-19,,,Soldier Hollow,Whoop UCI Mountain Bike World Series Presented by Scott Sports,"The world is coming to Soldier Hollow September 19 and 20 for the Whoop UCI Mountain Bike World Series Presented by Scott Sports! The track is slated to provide lots of entertainment, with plenty of multiline sections and natural rock features. Soldier Hollow is also uniquely spectator-friendly, so you won’t want to miss the chance to watch the action from up close. Please visit the official event website for tickets and details not found here. Event Website"
2026-09-19,01:00 PM,02:30 PM,Heber Valley Railroad,Princess and Pirate Train,
2026-09-19,03:30 PM,05:00 PM,Heber Valley Railroad,Deer Creek Express,
2026-09-19,8:00 AM,9:00 AM,Wasatch HS,Cross Country @Roy ,Cross Country Roy Invitational
2026-09-19,9:00 AM,4:30 PM,Deer Creek HS,Cross Country @ Wasatch Rendezvous,
2026-09-21,,,Wasatch HS,Black Day,
2026-09-21,,,Wasatch HS,Girls Tennis JV Region,"JV Region Tournament
times TBD"
2026-09-21,,,Deer Creek HS,Girls Tennis JV Region Tourny @ Mtn View,
2026-09-21,01:00 PM,02:30 PM,Heber Valley Railroad,Deer Creek Express,
2026-09-21,03:30 PM,05:00 PM,Heber Valley Railroad,Deer Creek Express,
2026-09-21,07:00 PM,08:30 PM,Heber Valley Railroad,Monday Night Train,
2026-09-21,4:00 PM,6:00 PM,Wasatch HS,sophomore girls soccer vs American fork,sophomore soccer vs american fork
2026-09-21,6:00 PM,7:15 PM,Deer Creek HS,Frosh Girls Soccer vs. Cedar Valley,
2026-09-22,,,Wasatch HS,Gold Day,
2026-09-22,10:00 AM,2:00 PM,Wasatch HS,Boys Golf @ Orem,"host Orem

Palisade 10 AM shotgun"
2026-09-22,10:00 AM,4:00 PM,Deer Creek HS,Boys Golf @ Palisade State Park,
2026-09-22,3:30 PM,8:00 PM,Wasatch HS,Girls volleyball vs Orem,"volleyball vs orem

soph- 3:30

JV 5:00

Varsity 6:30"
2026-09-22,3:30 PM,8:30 PM,Deer Creek HS,Girls Volleyball @ Uintah,
2026-09-22,5:00 PM,8:00 PM,Wasatch HS,Girls Soccer @ Timpanogos,"Varsity 7:00 Pm
JV 5:00 PM
At Timpanogos"
2026-09-22,5:00 PM,8:30 PM,Deer Creek HS,Girls Soccer vs. Provo,JV @ 5pm & V @ 7 pm
2026-09-22,8:45 AM,2:00 PM,Wasatch HS,Geology Field Trip @ Natural History Museum,
2026-09-23,,,Wasatch HS,Black Day,
2026-09-23,01:00 PM,02:30 PM,Heber Valley Railroad,Deer Creek Express,
2026-09-23,6:00 PM,8:00 PM,Wasatch HS,Football (Fresh) vs Provo,Freshman @6:00 Pm
2026-09-23,6:00 PM,7:45 PM,Deer Creek HS,Frosh Football vs. Timpanogos,
2026-09-24,,,Wasatch HS,Gold Day,
2026-09-24,,,Wasatch HS,Girls Tennis Region ,"Region @ Deer Creek
Times TBD"
2026-09-24,,,Deer Creek HS,WBL- Bringhurst,
2026-09-24,,,Deer Creek HS,Girls Tennis Region Tournament @ DCHS,
2026-09-24,01:00 PM,02:30 PM,Heber Valley Railroad,Deer Creek Express,
2026-09-24,03:30 PM,05:00 PM,Heber Valley Railroad,Deer Creek Express,
2026-09-24,3:30 PM,8:00 PM,Wasatch HS,Girls Volleyball @Deer  Creek,"Fresh 5:00
Soph 3:30
JV 5:00
Varsity 6:30"
2026-09-24,3:30 PM,4:30 PM,Deer Creek HS,Girls Soccer @ Summit,JV 3:30 PM V 5 PM
2026-09-24,3:30 PM,8:30 PM,Deer Creek HS,Girls Volleyball vs. Wasatch,
2026-09-24,5:00 PM,7:30 PM,Wasatch HS,Cross Country@Juab Invitational,Cross Country Juab Invitational
2026-09-24,5:00 PM,7:00 PM,Wasatch HS,Cross Country,Cross Country Juab Invitational Canyon Hills Golf Course  Nephi Utah
2026-09-24,5:00 PM,6:30 PM,Wasatch HS,Math Tutoring,
2026-09-24,5:00 PM,9:00 PM,Wasatch HS, Jv Girls soccer vrs Uintah,"Varsity 7:00 Stadium
JV 500 Quad
versus Uintah"
2026-09-24,7:00 PM,9:00 PM,Wasatch HS,Varsity Girls Soccer vrs Uintah,varsity girls soccer vrs Uintah
2026-09-25,,,Wasatch HS,Girls volleyball tournament @ Corner Canyon Classic,JV and Sophomore Tournament @ Corner canyon classic
2026-09-25,,,Wasatch HS,Black Day,
2026-09-25,,,Wasatch HS,Girls Tennis Region,"Region Tournament @ Deer Creek
Times TBD"
2026-09-25,,,Deer Creek HS,WBL- Bringhurst,
2026-09-25,,,Deer Creek HS,Girls Tennis Region Tournament @ DCHS,
2026-09-25,,,Deer Creek HS,Girls Volleyball Soph/JV Tournament @ Canyon Classic,
2026-09-25,01:00 PM,02:30 PM,Heber Valley Railroad,Deer Creek Express,
2026-09-25,03:30 PM,05:00 PM,Heber Valley Railroad,Deer Creek Express,
2026-09-25,3:00 PM,8:00 PM,Deer Creek HS,Cross Country @ TwiKnight Invite,
2026-09-25,7:00 PM,9:00 PM,Wasatch HS,Football @ Provo,
2026-09-25,7:00 PM,9:15 PM,Deer Creek HS,Varsity Football @ Timpanogos,
2026-09-26,,,Wasatch HS,Marching Band @ Herriman High School,
2026-09-26,,,Deer Creek HS,Girls Volleyball JV/Soph @ Canyon Classic Tournament,
2026-09-26,01:00 PM,02:30 PM,Heber Valley Railroad,Deer Creek Express,
2026-09-26,03:30 PM,05:00 PM,Heber Valley Railroad,Deer Creek Express,
2026-09-28,,,Wasatch HS,Gold Day,
2026-09-28,,,Wasatch HS,Homecoming Week,
2026-09-28,01:00 PM,02:30 PM,Heber Valley Railroad,Deer Creek Express,
2026-09-28,03:30 PM,05:00 PM,Heber Valley Railroad,Deer Creek Express,
2026-09-28,07:00 PM,08:30 PM,Heber Valley Railroad,Monday Night Train,
2026-09-28,1:15 PM,3:30 PM,Wasatch HS,Chalk-the-Block (After School),
2026-09-28,7:00 PM,8:00 PM,Wasatch HS,Hometown Halftime Show @ Deer Creek High School,
2026-09-28,7:00 PM,9:30 PM,Deer Creek HS,Hometown Halftime?,
2026-09-28,8:00 AM,12:00 PM,Wasatch HS,boys golf @ Mtn View,"host Mtn View

Sleepy Ridge 8 am shotgun"
2026-09-28,8:00 AM,3:15 PM,Deer Creek HS,Boys Golf Region Tournament,
2026-09-29,,,Wasatch HS,Black Day,
2026-09-29,,,Wasatch HS,Homecoming Week,
2026-09-29,,,Deer Creek HS,Boys Region Golf @ Talon's Cove,
2026-09-29,3:30 PM,8:00 PM,Wasatch HS,Girls Volleyball vs Uintah,volleyball vs Uintah
2026-09-29,3:30 PM,4:45 PM,Deer Creek HS,Girls Soccer vs. Uintah,
2026-09-29,3:30 PM,8:30 PM,Deer Creek HS,Girls Volleyball vs. Summit Academy,
2026-09-29,9:00 AM,2:00 PM,Wasatch HS,boys Golf Region,Region @ Talons Cove
2026-09-30,,,Wasatch HS,Gold Day,
2026-09-30,,,Wasatch HS,Homecoming Week,
2026-09-30,01:00 PM,02:30 PM,Heber Valley Railroad,Deer Creek Express,
2026-09-30,2:30 PM,3:30 PM,Deer Creek HS,Cross Country @ Union Invite,
2026-09-30,4:00 PM,6:00 PM,Wasatch HS,Sophomore girls soccer Vs West Lake,sophomore girls soccer west lake
2026-09-30,6:00 AM,9:00 AM,Deer Creek HS,Dance Co Practice,
2026-09-30,6:00 PM,8:00 PM,Wasatch HS,Powder Puff,
2026-09-30,6:00 PM,7:45 PM,Deer Creek HS,Frosh Football @ Westlake ,
2026-10-01,,,Wasatch HS,Shakespeare Competition,
2026-10-01,,,Wasatch HS,Black Day,
2026-10-01,,,Wasatch HS,Homecoming Week,
2026-10-01,,,Deer Creek HS,WBL- Bringhurst,
2026-10-01,01:00 PM,02:30 PM,Heber Valley Railroad,Deer Creek Express,
2026-10-01,03:30 PM,05:00 PM,Heber Valley Railroad,Deer Creek Express,
2026-10-01,07:00 PM,08:30 PM,Heber Valley Railroad,Witches' Night Out - A Halloween Party Train,
2026-10-01,07:00 PM,08:30 PM,Heber Valley Railroad,The Halloween Express,
2026-10-01,11:00 AM,1:00 PM,Wasatch HS,Homecoming Assembly,
2026-10-01,3:30 PM,8:00 PM,Wasatch HS,Girls Volleyball vs Mountain View,volleyball Vs Mnt View
2026-10-01,3:30 PM,8:30 PM,Deer Creek HS,Girls Volleyball vs. Timpanogos,
2026-10-01,4:00 PM,5:00 PM,Wasatch HS,Football (JV) @ Park City,JV @4:00PM
2026-10-01,5:00 PM,7:00 PM,Wasatch HS,JV Girls Soccer vs Deer Creek,JV Girls Soccer vs Deer Creek
2026-10-01,5:00 PM,6:30 PM,Wasatch HS,Math Tutoring,
2026-10-01,5:00 PM,6:00 PM,Deer Creek HS,Frosh Soccer @ Wasatch,
2026-10-01,5:00 PM,6:00 PM,Deer Creek HS,Frosh Soccer @ Wasatch ,
2026-10-01,5:00 PM,8:45 PM,Deer Creek HS,Girls Soccer @ Wasatch,JV 5 PM V 7 PM
2026-10-01,6:00 AM,7:45 AM,Deer Creek HS,Dance Co Practice ,
2026-10-01,7:00 PM,8:30 PM,Wasatch HS,Girls Soccer Senior Night vs. DCHS,
2026-10-01,7:00 PM,9:00 PM,Wasatch HS,Varsity Girls Soccer vs Deer Creek,"Varsity 7:00 PM Stadium
JV 5:00 PM Quad"
2026-10-02,,,Wasatch HS,Fall Baseball Tournament ,Hosting Fall Baseball tournament
2026-10-02,,,Wasatch HS,Shakespeare Competition,
2026-10-02,,,Wasatch HS,Gold Day,
2026-10-02,,,Wasatch HS,Homecoming Week,
2026-10-02,,,Deer Creek HS,WBL- Bringhurst,
2026-10-02,01:00 PM,02:30 PM,Heber Valley Railroad,Deer Creek Express,
2026-10-02,03:30 PM,05:00 PM,Heber Valley Railroad,Deer Creek Express,
2026-10-02,07:00 PM,08:30 PM,Heber Valley Railroad,Witches' Night Out - A Halloween Party Train,
2026-10-02,07:00 PM,08:30 PM,Heber Valley Railroad,The Halloween Express,
2026-10-02,1:00 PM,3:00 PM,Wasatch HS,Homecoming Parade,
2026-10-02,3:00 PM,6:00 PM,Wasatch HS,Cross Country@Orem Region,Cross Country Region Scera Park Orem
2026-10-02,3:00 PM,8:15 PM,Deer Creek HS,Cross Country @ Region,
2026-10-02,4:00 PM,5:00 PM,Deer Creek HS,Frosh Soccer @ Maple Mountain,
2026-10-02,6:00 AM,9:00 AM,Deer Creek HS,Dance Co Practice ,
2026-10-02,7:00 PM,10:00 PM,Wasatch HS,Homecoming Football Game (Theme?) vs. Park City,
2026-10-02,7:00 PM,9:00 PM,Wasatch HS,Football vs Park City -- Homecoming,
2026-10-02,7:00 PM,9:15 PM,Deer Creek HS,Varsity Football vs. Salem Hills (SR Night),
2026-10-03,,,Wasatch HS,Marching Band @ USU Maverik Stadium,
2026-10-03,,,Wasatch HS,Shakespeare Competition,
2026-10-03,,,Wasatch HS,Homecoming Week,
2026-10-03,02:00 PM,02:40 PM,Heber Valley Railroad,The Pumpkin Train,
2026-10-03,04:00 PM,04:40 PM,Heber Valley Railroad,The Pumpkin Train,
2026-10-03,10:00 AM,10:40 AM,Heber Valley Railroad,The Pumpkin Train,
2026-10-03,12:00 PM,1:00 PM,Deer Creek HS,DC Girls Basketball Skills Camp,
2026-10-03,12:00 PM,12:40 PM,Heber Valley Railroad,The Pumpkin Train,
2026-10-03,7:00 AM,5:00 PM,Deer Creek HS,Youth Football Games,
2026-10-03,8:30 PM,11:00 PM,Wasatch HS,Homecoming Dance,
2026-10-05,,,Wasatch HS,Black Day,
2026-10-05,01:00 PM,02:30 PM,Heber Valley Railroad,Deer Creek Express,
2026-10-05,03:30 PM,05:00 PM,Heber Valley Railroad,Deer Creek Express,
2026-10-05,07:00 PM,08:30 PM,Heber Valley Railroad,Witches' Night Out - A Halloween Party Train,
2026-10-05,07:00 PM,08:30 PM,Heber Valley Railroad,The Halloween Express,
2026-10-05,5:00 PM,6:15 PM,Deer Creek HS,Soph Soccer vs. Fresh Soccer,
2026-10-05,8:00 AM,9:00 AM,Deer Creek HS,Health Department Flu Shot Clinic ,The Wasatch County Health Department will be providing flu shots for teachers and students
2026-10-06,,,Wasatch HS,Gold Day,
2026-10-06,3:30 PM,9:00 PM,Wasatch HS,Girls Volleyball (Pink Out) vs Provo,"Fresh 5:00 Aux Gym
Soph 3:30 Nest
Jv 5:00 nest
Varsity 6:30 Nest
vrs Provo"
2026-10-06,3:30 PM,8:30 PM,Deer Creek HS,Girls Volleyball @ Mt. View,
2026-10-06,6:00 PM,8:00 PM,Wasatch HS,Football (Fresh)@ Skyline,Freshman 6:00
2026-10-06,6:00 PM,7:00 PM,Deer Creek HS,Frosh Football @ Provo,
2026-10-07,,,Wasatch HS,Black Day,
2026-10-07,8:00 AM,4:00 PM,Deer Creek HS,Health Department Flu Shot Clinic ,
2026-10-08,,,Wasatch HS,Gold Day,
2026-10-08,,,Deer Creek HS,WBL- Bringhurst,
2026-10-08,,,Deer Creek HS,Girls Tennis State Play-In,
2026-10-08,01:00 PM,02:30 PM,Heber Valley Railroad,Deer Creek Express,
2026-10-08,03:30 PM,05:00 PM,Heber Valley Railroad,Deer Creek Express,
2026-10-08,07:00 PM,08:30 PM,Heber Valley Railroad,Witches' Night Out - A Halloween Party Train,
2026-10-08,07:00 PM,08:30 PM,Heber Valley Railroad,The Halloween Express,
2026-10-08,3:00 PM,10:00 PM,Wasatch HS,All State Choir,
2026-10-08,3:30 PM,8:00 PM,Wasatch HS,Girls Volleyball @Summit Academy,"Fresh ??
Soph 3:30
JV 5:00 
Varsity 6:30"
2026-10-08,3:30 PM,8:30 PM,Deer Creek HS,Girls Volleyball @ Orem,
2026-10-08,5:00 PM,6:30 PM,Wasatch HS,Math Tutoring,
2026-10-08,7:00 PM,10:00 PM,Wasatch HS,Home Football (Theme?) Senior Night vs. Salem Hills,
2026-10-08,7:00 PM,9:00 PM,Wasatch HS,Football Vs Salem Hills,
2026-10-08,7:00 PM,9:15 PM,Deer Creek HS,Varsity Football @ Provo High School,
2026-10-09,,,Wasatch HS,Black Day,
2026-10-09,,,Wasatch HS,End of Term 1,
2026-10-09,,,Deer Creek HS,WBL- Bringhurst,
2026-10-09,,,Deer Creek HS,Girls Tennis State Tournament @ Liberty Park,
2026-10-09,,,Soldier Hollow,"USBA Fall Camp & Schutzenski Festival #1- October 9-11, 2026","Schutzenski Festival returns to Soldier Hollow Nordic Center this October. Once again, we will have two whole weekends of fun! October 9-11 | USBA Fall Festival & International Team Trials The Schutzenski Biathlon Festival! This weekend features both elite and open classes, from U13s to Masters. The weekend also features the annual SOHO Biathlon Shoot-Out at 12:30 on Saturday, October 10. The second weekend of the Festival, October 16-18, is the Schutzenski Cross Country & Trail Running Race. Register Here"
2026-10-09,01:00 PM,02:30 PM,Heber Valley Railroad,Deer Creek Express,
2026-10-09,03:30 PM,05:00 PM,Heber Valley Railroad,Deer Creek Express,
2026-10-09,07:00 PM,08:30 PM,Heber Valley Railroad,Witches' Night Out - A Halloween Party Train,
2026-10-09,07:00 PM,08:30 PM,Heber Valley Railroad,The Halloween Express,
2026-10-09,3:00 PM,6:00 PM,Wasatch HS,Girls Tennis State,State  Tennis
2026-10-10,,,Wasatch HS,All State Choir,
2026-10-10,02:00 PM,02:40 PM,Heber Valley Railroad,The Pumpkin Train,
2026-10-10,04:00 PM,04:40 PM,Heber Valley Railroad,The Pumpkin Train,
2026-10-10,10:00 AM,10:40 AM,Heber Valley Railroad,The Pumpkin Train,
2026-10-10,12:00 PM,12:40 PM,Heber Valley Railroad,The Pumpkin Train,
2026-10-12,,,Wasatch HS,Fall Break,
2026-10-12,,,Wasatch HS,Teacher Professional Development Day -- No School,
2026-10-12,01:00 PM,02:30 PM,Heber Valley Railroad,Deer Creek Express,
2026-10-12,03:30 PM,05:00 PM,Heber Valley Railroad,Deer Creek Express,
2026-10-12,07:00 PM,08:30 PM,Heber Valley Railroad,Witches' Night Out - A Halloween Party Train,
2026-10-12,07:00 PM,08:30 PM,Heber Valley Railroad,The Halloween Express,
2026-10-12,6:00 PM,7:45 PM,Deer Creek HS,Frosh Football vs. Alta,
2026-10-13,,,Wasatch HS,Teacher Professional Development Day -- No School,
2026-10-13,3:30 PM,8:00 PM,Wasatch HS,Girls Volleyball Vs Timpanogos,girls volleyball vs Timpanogos
2026-10-13,3:30 PM,8:30 PM,Deer Creek HS,Girls Volleyball vs. Provo,
2026-10-13,5:00 PM,8:00 PM,Wasatch HS,Girls Soccer State Playoff Game,
2026-10-14,,,Wasatch HS,Boys Golf State,"State Tournament \
@Palisade State Park"
2026-10-14,,,Deer Creek HS,Boys State Golf @ Palisade State Park,
2026-10-14,10:00 AM,11:00 AM,Wasatch HS,Cross Country@Lake side Park  Orem,Divisionals @Lake side Park Orem
2026-10-14,5:30 PM,6:30 PM,Wasatch HS,Football @Mt View,"JV 5:30
Varsity 7:00"
2026-10-14,7:00 PM,9:15 PM,Deer Creek HS,Varsity Football @ Park City,
2026-10-15,,,Deer Creek HS,WBL- Bringhurst,
2026-10-15,01:00 PM,02:30 PM,Heber Valley Railroad,Deer Creek Express,
2026-10-15,03:30 PM,05:00 PM,Heber Valley Railroad,Deer Creek Express,
2026-10-15,07:00 PM,08:30 PM,Heber Valley Railroad,Witches' Night Out - A Halloween Party Train,
2026-10-15,07:00 PM,08:30 PM,Heber Valley Railroad,The Halloween Express,
2026-10-15,5:00 PM,8:00 PM,Wasatch HS,Girls Soccer State Playoff Game,
2026-10-16,,,Deer Creek HS,WBL- Bringhurst,
2026-10-16,,,Soldier Hollow,"XC & Trail Run Schutzenski Festival – October 16-18, 2025","Schutzenski Festival returns to Soldier Hollow Nordic Center this October. Once again, we will have two race weekends for twice the fun! More information coming soon. Oct 16-18: Cross Country + Trail Running Race"
2026-10-16,01:00 PM,02:30 PM,Heber Valley Railroad,Deer Creek Express,
2026-10-16,03:30 PM,05:00 PM,Heber Valley Railroad,Deer Creek Express,
2026-10-16,07:00 PM,08:30 PM,Heber Valley Railroad,Witches' Night Out - A Halloween Party Train,
2026-10-16,07:00 PM,08:30 PM,Heber Valley Railroad,The Halloween Express,
2026-10-17,02:00 PM,02:40 PM,Heber Valley Railroad,The Pumpkin Train,
2026-10-17,04:00 PM,04:40 PM,Heber Valley Railroad,The Pumpkin Train,
2026-10-17,07:00 PM,09:00 PM,Heber Valley Railroad,Wine & Cheese Tasting Train ,
2026-10-17,10:00 AM,10:40 AM,Heber Valley Railroad,The Pumpkin Train,
2026-10-17,12:00 PM,12:40 PM,Heber Valley Railroad,The Pumpkin Train,
2026-10-19,,,Wasatch HS,FFA Nationals - Indianapolis,
2026-10-19,,,Wasatch HS,Gold Day,
2026-10-19,01:00 PM,02:30 PM,Heber Valley Railroad,Deer Creek Express,
2026-10-19,03:30 PM,05:00 PM,Heber Valley Railroad,Deer Creek Express,
2026-10-19,07:00 PM,08:30 PM,Heber Valley Railroad,Witches' Night Out - A Halloween Party Train,
2026-10-19,07:00 PM,08:30 PM,Heber Valley Railroad,The Halloween Express,
2026-10-19,7:00 PM,8:00 PM,Wasatch HS,Zero Fatalities,
2026-10-20,,,Wasatch HS,FFA Nationals - Indianapolis,
2026-10-20,,,Wasatch HS,DC Student Gov. Trip,
2026-10-20,,,Wasatch HS,Black Day,
2026-10-20,2:00 PM,3:00 PM,Wasatch HS,Girls Soccer  State Semifinals,state semifinals TBD
2026-10-20,3:30 PM,8:00 PM,Wasatch HS,Girls Volleyball@Orem,"Soph 3:30
JV 5:00
Varsity 6:30"
2026-10-20,3:30 PM,8:30 PM,Deer Creek HS,Girls Volleyball vs. Uintah,
2026-10-20,6:00 PM,8:00 PM,Wasatch HS,SIS/Canvas training for parents that speak Spanish,
2026-10-21,,,Wasatch HS,FFA Nationals - Indianapolis,
2026-10-21,,,Wasatch HS,Gold Day,
2026-10-22,,,Wasatch HS,FFA Nationals - Indianapolis,
2026-10-22,,,Wasatch HS,Black Day,
2026-10-22,,,Deer Creek HS,WBL- Bringhurst,
2026-10-22,01:00 PM,02:30 PM,Heber Valley Railroad,Deer Creek Express,
2026-10-22,03:30 PM,05:00 PM,Heber Valley Railroad,Deer Creek Express,
2026-10-22,07:00 PM,08:30 PM,Heber Valley Railroad,Witches' Night Out - A Halloween Party Train,
2026-10-22,07:00 PM,08:30 PM,Heber Valley Railroad,The Halloween Express,
2026-10-22,3:30 PM,8:00 PM,Wasatch HS,Girls Volleyball Vs Deer Creek sr night,"senior night. 

volleyball vs Deer Creek Sr Night"
2026-10-22,3:30 PM,8:30 PM,Deer Creek HS,Girls Volleyball @ Wasatch,
2026-10-22,5:00 PM,6:30 PM,Wasatch HS,Math Tutoring,
2026-10-22,9:00 AM,10:00 AM,Wasatch HS,Jostens presentation to 11th & 12th grades,"Seniors will go to the auditorium.  We need to excuse them from class 10 minutes early.  The presentation will go from 9:49 - 9:44 to discuss graduation.

Juniors will go to the nest.  They don't need excused from class early, they will just attend during Excel Time."
2026-10-23,,,Wasatch HS,FFA Nationals - Indianapolis,
2026-10-23,,,Wasatch HS,Gold Day,
2026-10-23,,,Deer Creek HS,WBL- Bringhurst,
2026-10-23,01:00 PM,02:30 PM,Heber Valley Railroad,Deer Creek Express,
2026-10-23,03:30 PM,05:00 PM,Heber Valley Railroad,Deer Creek Express,
2026-10-23,07:00 PM,08:30 PM,Heber Valley Railroad,Witches' Night Out - A Halloween Party Train,
2026-10-23,07:00 PM,08:30 PM,Heber Valley Railroad,The Halloween Express,
2026-10-23,7:00 PM,9:15 PM,Deer Creek HS,Football First Round Playoff,
2026-10-24,,,Wasatch HS,FFA Nationals - Indianapolis,
2026-10-24,,,Wasatch HS,Marching Band @ American Fork High School,
2026-10-24,,,Wasatch HS,Marching Band @ Riverton High School,
2026-10-24,02:00 PM,02:40 PM,Heber Valley Railroad,The Pumpkin Train,
2026-10-24,04:00 PM,04:40 PM,Heber Valley Railroad,The Pumpkin Train,
2026-10-24,10:00 AM,10:40 AM,Heber Valley Railroad,The Pumpkin Train,
2026-10-24,12:00 PM,12:40 PM,Heber Valley Railroad,The Pumpkin Train,
2026-10-24,8:30 PM,11:00 PM,Deer Creek HS,Sadies Dance ,
2026-10-26,,,Wasatch HS,Black Day,
2026-10-26,01:00 PM,02:30 PM,Heber Valley Railroad,Deer Creek Express,
2026-10-26,03:30 PM,05:00 PM,Heber Valley Railroad,Deer Creek Express,
2026-10-26,07:00 PM,08:30 PM,Heber Valley Railroad,Witches' Night Out - A Halloween Party Train,
2026-10-26,07:00 PM,08:30 PM,Heber Valley Railroad,The Halloween Express,
2026-10-26,3:00 PM,5:30 PM,Deer Creek HS,DC girls basketball,
2026-10-27,,,Wasatch HS,Gold Day,
2026-10-27,3:00 PM,5:30 PM,Deer Creek HS,DC girls basketball,
2026-10-27,3:30 PM,8:30 PM,Deer Creek HS,Girls Volleyball State Playoffs,
2026-10-27,7:00 PM,8:00 PM,Wasatch HS,WHS Orchestra Concert,
2026-10-27,7:00 PM,8:30 PM,Deer Creek HS,Triller - Performing Art Concert,"Deer Creek Choir, Dance, Band & Orchestra as well as RMMS choir will be performing"
2026-10-28,,,Wasatch HS,Cross Country State,Cross country State
2026-10-28,,,Wasatch HS,Black Day,
2026-10-28,3:00 PM,5:30 PM,Deer Creek HS,DC girls basketball,
2026-10-28,7:00 PM,8:00 PM,Deer Creek HS,Band Concert,
2026-10-29,,,Wasatch HS,Gold Day,
2026-10-29,,,Deer Creek HS,WBL- Bringhurst,
2026-10-29,01:00 PM,02:30 PM,Heber Valley Railroad,Deer Creek Express,
2026-10-29,03:30 PM,05:00 PM,Heber Valley Railroad,Deer Creek Express,
2026-10-29,07:00 PM,08:30 PM,Heber Valley Railroad,Witches' Night Out - A Halloween Party Train,
2026-10-29,07:00 PM,08:30 PM,Heber Valley Railroad,The Halloween Express,
2026-10-29,3:00 PM,5:30 PM,Deer Creek HS,DC girls basketball,
2026-10-29,5:00 PM,6:30 PM,Wasatch HS,Math Tutoring,
2026-10-29,7:00 PM,8:00 PM,Deer Creek HS,Orchestra Concert,
2026-10-30,,,Wasatch HS,Black Day,
2026-10-30,,,Deer Creek HS,WBL- Bringhurst,
2026-10-30,01:00 PM,02:30 PM,Heber Valley Railroad,Deer Creek Express,
2026-10-30,03:30 PM,05:00 PM,Heber Valley Railroad,Deer Creek Express,
2026-10-30,07:00 PM,08:30 PM,Heber Valley Railroad,Witches' Night Out - A Halloween Party Train,
2026-10-30,07:00 PM,08:30 PM,Heber Valley Railroad,The Halloween Express,
2026-10-30,3:00 PM,5:30 PM,Deer Creek HS,DC girls basketball,
2026-10-30,7:00 PM,9:15 PM,Deer Creek HS,Football Second Round Playoff,
2026-10-31,,,Wasatch HS,Marching Band @ Davis High School,
2026-10-31,01:00 PM,02:30 PM,Heber Valley Railroad,Deer Creek Express,
2026-10-31,03:30 PM,05:00 PM,Heber Valley Railroad,Deer Creek Express,
2026-11-02,,,Wasatch HS,Gold Day,
2026-11-02,2:30 PM,3:45 PM,Deer Creek HS,District Speech PLC,
2026-11-02,3:00 PM,5:30 PM,Deer Creek HS,DC girls basketball,
2026-11-03,,,Wasatch HS,Black Day,
2026-11-03,3:00 PM,5:30 PM,Deer Creek HS,DC girls basketball,
2026-11-03,3:45 PM,4:45 PM,Wasatch HS,Swimming Black vs gold meet,
2026-11-04,,,Wasatch HS,Gold Day,
2026-11-04,,,Deer Creek HS,Student Government Leadership Trip,
2026-11-04,3:00 PM,5:30 PM,Deer Creek HS,DC girls basketball,
2026-11-04,6:00 AM,7:45 AM,Wasatch HS,Weights Club West Campus,Wasatch Weight Lifting Club this is for 5-8th graders in west weight room
2026-11-05,,,Wasatch HS,Black Day,
2026-11-05,,,Deer Creek HS,WBL- Bringhurst,
2026-11-05,3:00 PM,5:30 PM,Deer Creek HS,DC girls basketball,
2026-11-05,5:00 PM,6:30 PM,Wasatch HS,Math Tutoring,
2026-11-06,,,Wasatch HS,Marching Band State Finals @ Utah Tech Stadium,
2026-11-06,,,Wasatch HS,State Marching Band Competition,
2026-11-06,,,Wasatch HS,Gold Day,
2026-11-06,,,Deer Creek HS,WBL- Bringhurst,
2026-11-06,3:00 PM,5:30 PM,Deer Creek HS,DC girls basketball,
2026-11-06,6:00 AM,7:45 AM,Wasatch HS,Weights Club West Campus,Wasatch Weight Lifting Club this is for 5-8th graders in west weight room
2026-11-07,11:00 AM,12:00 PM,Wasatch HS,swimming @ Deer Creek,Wasatch Kickoff Invite
2026-11-07,8:00 AM,10:00 AM,Deer Creek HS,Boys Basketball: Little Dribblers,
2026-11-07,8:30 PM,11:00 PM,Wasatch HS,Sadie Hawkins Dance,
2026-11-09,,,Wasatch HS,Black Day,
2026-11-10,,,Wasatch HS,Gold Day,
2026-11-11,,,Wasatch HS,Black Day,
2026-11-11,3:45 PM,4:45 PM,Wasatch HS,Swimming vs Lone Peak & Brighton,Lone Peak & Brighton @ wasatch
2026-11-11,6:00 AM,7:45 AM,Wasatch HS,Weights Club West Campus,Wasatch Weight Lifting Club this is for 5-8th graders in west weight room
2026-11-11,7:00 PM,9:30 PM,Wasatch HS,"Hello, Dolly! (Fall Musical)",
2026-11-12,,,Wasatch HS,Gold Day,
2026-11-12,,,Deer Creek HS,WBL- Bringhurst,
2026-11-12,5:00 PM,6:30 PM,Wasatch HS,Math Tutoring,
2026-11-13,,,Wasatch HS,Black Day,
2026-11-13,,,Deer Creek HS,WBL- Bringhurst,
2026-11-13,6:00 AM,7:45 AM,Wasatch HS,Weights Club West Campus,Wasatch Weight Lifting Club this is for 5-8th graders in west weight room
2026-11-13,7:00 PM,10:00 PM,Deer Creek HS,Pirates of Penzance,
2026-11-14,7:00 PM,9:30 PM,Wasatch HS,Hello Dolly (Fall Musical),
2026-11-14,7:00 PM,10:00 PM,Deer Creek HS,Pirates of Penzance,
2026-11-14,8:00 AM,10:00 AM,Deer Creek HS,Boys Basketball: Little Dribblers,
2026-11-16,,,Wasatch HS,Gold Day,
2026-11-16,7:00 PM,9:30 PM,Wasatch HS,Hello Dolly (Fall Musical),
2026-11-17,,,Wasatch HS,Black Day,
2026-11-17,3:30 PM,9:00 PM,Wasatch HS,Girls Basketball @ Corner Canyon,
2026-11-18,,,Wasatch HS,Gold Day,
2026-11-18,3:30 PM,5:30 PM,Wasatch HS,swimming @ Corner Canyon & westlake,swimming @ Corner canyon & westlake
2026-11-18,6:00 AM,7:45 AM,Wasatch HS,Weights Club West Campus,Wasatch Weight Lifting Club this is for 5-8th graders in west weight room
2026-11-18,7:00 PM,10:00 PM,Deer Creek HS,Pirates of Penzance,
2026-11-19,,,Wasatch HS,Black Day,
2026-11-19,,,Deer Creek HS,WBL- Bringhurst,
2026-11-19,05:00 PM,06:30 PM,Heber Valley Railroad,North Pole Express,
2026-11-19,07:30 PM,09:00 PM,Heber Valley Railroad,North Pole Express,
2026-11-19,5:00 PM,6:30 PM,Wasatch HS,Math Tutoring,
2026-11-20,,,Wasatch HS,Gold Day,
2026-11-20,,,Deer Creek HS,WBL- Bringhurst,
2026-11-20,05:00 PM,06:30 PM,Heber Valley Railroad,North Pole Express,
2026-11-20,07:30 PM,09:00 PM,Heber Valley Railroad,North Pole Express,
2026-11-20,6:00 AM,7:45 AM,Wasatch HS,Weights Club West Campus,Wasatch Weight Lifting Club this is for 5-8th graders in west weight room
2026-11-20,7:00 PM,9:30 PM,Wasatch HS,Hello Dolly (Fall Musical),
2026-11-20,7:00 PM,10:00 PM,Deer Creek HS,Pirates of Penzance,
2026-11-21,02:00 PM,03:30 PM,Heber Valley Railroad,North Pole Express,
2026-11-21,05:00 PM,06:30 PM,Heber Valley Railroad,North Pole Express,
2026-11-21,07:30 PM,09:00 PM,Heber Valley Railroad,North Pole Express,
2026-11-21,11:30 AM,01:00 PM,Heber Valley Railroad,North Pole Express,
2026-11-21,2:00 PM,4:30 PM,Wasatch HS,Hello Dolly (Fall Musical) - Matinee,
2026-11-21,7:00 PM,10:00 PM,Deer Creek HS,Pirates of Penzance,
2026-11-21,8:00 AM,9:00 AM,Wasatch HS,swimming Wasatch Back Thanksgiving Invitational,Wasatch Back Thanksgiving Invitational
2026-11-23,,,Wasatch HS,Black Day,
2026-11-23,05:00 PM,06:30 PM,Heber Valley Railroad,North Pole Express,
2026-11-23,07:30 PM,09:00 PM,Heber Valley Railroad,North Pole Express,
2026-11-24,,,Wasatch HS,Gold Day,
2026-11-24,05:00 PM,06:30 PM,Heber Valley Railroad,North Pole Express,
2026-11-24,07:30 PM,09:00 PM,Heber Valley Railroad,North Pole Express,
2026-11-24,3:30 PM,9:00 PM,Wasatch HS,Boys Basketball @ Clearfield,"Sophomore 5:15

JV 3:30

Varsity 7:00

\\"
2026-11-24,3:30 PM,5:00 PM,Wasatch HS,Basketball Fresh boys @Clearfield,freshman boys basketball @clearfield
2026-11-25,,,Wasatch HS,Thanksgiving Break,
2026-11-25,05:00 PM,06:30 PM,Heber Valley Railroad,North Pole Express,
2026-11-25,07:30 PM,09:00 PM,Heber Valley Railroad,North Pole Express,
2026-11-25,6:00 AM,7:45 AM,Wasatch HS,Weights Club West Campus,Wasatch Weight Lifting Club this is for 5-8th graders in west weight room
2026-11-26,,,Wasatch HS,All Sports Moratorium,
2026-11-26,,,Wasatch HS,Thanksgiving Break,
2026-11-26,,,Deer Creek HS,WBL- Bringhurst,
2026-11-27,,,Wasatch HS,All Sports Moratorium,
2026-11-27,,,Wasatch HS,Thanksgiving Break,
2026-11-27,,,Deer Creek HS,WBL- Bringhurst,
2026-11-27,02:00 PM,03:30 PM,Heber Valley Railroad,North Pole Express,
2026-11-27,05:00 PM,06:30 PM,Heber Valley Railroad,North Pole Express,
2026-11-27,07:30 PM,09:00 PM,Heber Valley Railroad,North Pole Express,
2026-11-27,11:30 AM,01:00 PM,Heber Valley Railroad,North Pole Express,
2026-11-27,6:00 AM,7:45 AM,Wasatch HS,Weights Club West Campus,Wasatch Weight Lifting Club this is for 5-8th graders in west weight room
2026-11-28,,,Wasatch HS,All Sports Moratorium,
2026-11-28,02:00 PM,03:30 PM,Heber Valley Railroad,North Pole Express,
2026-11-28,05:00 PM,06:30 PM,Heber Valley Railroad,North Pole Express,
2026-11-28,07:30 PM,09:00 PM,Heber Valley Railroad,North Pole Express,
2026-11-28,11:30 AM,01:00 PM,Heber Valley Railroad,North Pole Express,
2026-11-29,,,Wasatch HS,All Sports Moratorium,
2026-11-30,,,Wasatch HS,Black Day,
2026-11-30,05:00 PM,06:30 PM,Heber Valley Railroad,North Pole Express,
2026-11-30,07:30 PM,09:00 PM,Heber Valley Railroad,North Pole Express,
2026-12-01,,,Wasatch HS,Gold Day,
2026-12-01,05:00 PM,06:30 PM,Heber Valley Railroad,North Pole Express,
2026-12-01,07:30 PM,09:00 PM,Heber Valley Railroad,North Pole Express,
2026-12-01,3:30 PM,5:00 PM,Wasatch HS,Boys Basketball freshman vs Maple Mountain,freshman boys bb vrs Maple mountain
2026-12-01,3:30 PM,9:15 PM,Wasatch HS,Girls Basketball vs. Cedar Valley,
2026-12-02,,,Wasatch HS,WHS Choirs @ Temple Square,
2026-12-02,,,Wasatch HS,Black Day,
2026-12-02,05:00 PM,06:30 PM,Heber Valley Railroad,North Pole Express,
2026-12-02,07:30 PM,09:00 PM,Heber Valley Railroad,North Pole Express,
2026-12-02,5:00 PM,9:00 PM,Wasatch HS,Boys Wrestling vs Spanish Fork,"Weigh in @ 3:30

JV 5:00

Varsity 7:00 PM"
2026-12-02,6:00 AM,7:45 AM,Wasatch HS,Weights Club West Campus,Wasatch Weight Lifting Club this is for 5-8th graders in west weight room
2026-12-03,,,Wasatch HS,Gold Day,
2026-12-03,,,Deer Creek HS,WBL- Bringhurst,
2026-12-03,05:00 PM,06:30 PM,Heber Valley Railroad,North Pole Express,
2026-12-03,07:30 PM,09:00 PM,Heber Valley Railroad,North Pole Express,
2026-12-03,3:30 PM,9:00 PM,Wasatch HS,Boys Basketball @Cottonwood,"soph 5:15 

JV 3:30

Varsity 7:00"
2026-12-03,5:00 PM,9:00 PM,Wasatch HS,Boys Wrestling @ Deer Creek,"wrestling @ Deer Creek JV 5:00 PM

Varsity 7:00 PM"
2026-12-03,5:00 PM,6:30 PM,Wasatch HS,Math Tutoring,
2026-12-03,5:15 PM,6:15 PM,Wasatch HS,Freshman Boys Basketball@Cottonwood,
2026-12-04,,,Wasatch HS,Black Day,
2026-12-04,,,Deer Creek HS,WBL- Bringhurst,
2026-12-04,05:00 PM,06:30 PM,Heber Valley Railroad,North Pole Express,
2026-12-04,07:30 PM,09:00 PM,Heber Valley Railroad,North Pole Express,
2026-12-04,2:30 PM,9:00 PM,Wasatch HS,Boys Wrestling @ Layton Invitational,tournament @ Layton High School
2026-12-04,3:00 PM,9:00 PM,Wasatch HS,Set up for Robotics Comp,
2026-12-04,3:30 PM,9:00 PM,Wasatch HS,Boys Basketball vs Park City,"Varsity 7:00 PM

JV 3:30

Soph 5:15"
2026-12-04,3:30 PM,5:00 PM,Wasatch HS,Freshman Basketball @ Park City,
2026-12-04,6:00 AM,7:45 AM,Wasatch HS,Weights Club West Campus,Wasatch Weight Lifting Club this is for 5-8th graders in west weight room
2026-12-05,02:00 PM,03:30 PM,Heber Valley Railroad,North Pole Express,
2026-12-05,05:00 PM,06:30 PM,Heber Valley Railroad,North Pole Express,
2026-12-05,07:30 PM,09:00 PM,Heber Valley Railroad,North Pole Express,
2026-12-05,11:30 AM,01:00 PM,Heber Valley Railroad,North Pole Express,
2026-12-05,8:00 AM,4:00 PM,Wasatch HS,Robotics Wobble Competition,
2026-12-05,8:00 AM,10:00 AM,Deer Creek HS,Boys Basketball: Little Dribblers,
2026-12-07,,,Wasatch HS,Gold Day,
2026-12-07,05:00 PM,06:30 PM,Heber Valley Railroad,North Pole Express,
2026-12-07,07:30 PM,09:00 PM,Heber Valley Railroad,North Pole Express,
2026-12-08,,,Wasatch HS,Black Day,
2026-12-08,05:00 PM,06:30 PM,Heber Valley Railroad,North Pole Express,
2026-12-08,07:30 PM,09:00 PM,Heber Valley Railroad,North Pole Express,
2026-12-08,3:30 PM,9:00 PM,Wasatch HS,Boys Baskeball vs Springville,"soph 5:15

JV 3:30

Varsity 7:00"
2026-12-08,3:30 PM,5:00 PM,Wasatch HS,Freshman Boys Basketball vs Springville,
2026-12-08,7:00 PM,8:30 PM,Wasatch HS,Choir Holiday Concert,
2026-12-08,7:00 PM,8:00 PM,Deer Creek HS,Band Concert,
2026-12-09,,,Wasatch HS,Gold Day,
2026-12-09,05:00 PM,06:30 PM,Heber Valley Railroad,North Pole Express,
2026-12-09,07:30 PM,09:00 PM,Heber Valley Railroad,North Pole Express,
2026-12-09,5:30 PM,8:30 PM,Wasatch HS,Girls Wrestling @ Provo w/Summit,
2026-12-09,6:00 AM,7:45 AM,Wasatch HS,Weights Club West Campus,Wasatch Weight Lifting Club this is for 5-8th graders in west weight room
2026-12-10,,,Wasatch HS,Black Day,
2026-12-10,,,Deer Creek HS,WBL- Bringhurst,
2026-12-10,05:00 PM,06:30 PM,Heber Valley Railroad,North Pole Express,
2026-12-10,07:30 PM,09:00 PM,Heber Valley Railroad,North Pole Express,
2026-12-10,5:00 PM,9:00 PM,Wasatch HS,Boys Wrestling vs Timpanogos,"JV 5:00 PM

Varsity 7:00 PM"
2026-12-10,5:00 PM,6:30 PM,Wasatch HS,Math Tutoring,
2026-12-10,7:00 PM,8:00 PM,Deer Creek HS,Orchestra Concert,
2026-12-11,,,Wasatch HS,Boys Wrestling Intermountain Duals,@ Western Sports park
2026-12-11,,,Wasatch HS,Gold Day,
2026-12-11,,,Deer Creek HS,WBL- Bringhurst,
2026-12-11,05:00 PM,06:30 PM,Heber Valley Railroad,North Pole Express,
2026-12-11,07:30 PM,09:00 PM,Heber Valley Railroad,North Pole Express,
2026-12-11,10:00 AM,4:00 PM,Wasatch HS,Swimming Wasatch Winter Invitational,Wasatch Winter Invitational
2026-12-11,2:00 PM,9:00 PM,Wasatch HS,Boys Wrestling tournament,Wasatch Intermountain Duals
2026-12-11,3:30 PM,9:30 PM,Wasatch HS,Boys Basketball @ salem Hills,"soph- 5:15

JV 3:30

Varsity 7:00"
2026-12-11,3:30 PM,5:00 PM,Wasatch HS,Freshman Boys Basketball @ Salem Hills,
2026-12-11,6:00 AM,7:45 AM,Wasatch HS,Weights Club West Campus,Wasatch Weight Lifting Club this is for 5-8th graders in west weight room
2026-12-12,,,Wasatch HS,Intermountain Duals,
2026-12-12,02:00 PM,03:30 PM,Heber Valley Railroad,North Pole Express,
2026-12-12,05:00 PM,06:30 PM,Heber Valley Railroad,North Pole Express,
2026-12-12,07:30 PM,09:00 PM,Heber Valley Railroad,North Pole Express,
2026-12-12,11:30 AM,01:00 PM,Heber Valley Railroad,North Pole Express,
2026-12-12,8:00 AM,10:00 AM,Deer Creek HS,Boys Basketball: Little Dribblers,
2026-12-12,8:30 PM,10:30 PM,Wasatch HS,Winter Dance,
2026-12-12,8:30 PM,11:00 PM,Wasatch HS,Winter Dance,
2026-12-14,,,Wasatch HS,Black Day,
2026-12-14,05:00 PM,06:30 PM,Heber Valley Railroad,North Pole Express,
2026-12-14,07:30 PM,09:00 PM,Heber Valley Railroad,North Pole Express,
2026-12-15,,,Wasatch HS,Gold Day,
2026-12-15,05:00 PM,06:30 PM,Heber Valley Railroad,North Pole Express,
2026-12-15,07:30 PM,09:00 PM,Heber Valley Railroad,North Pole Express,
2026-12-15,3:00 PM,6:00 PM,Wasatch HS,swimming vs Skyridge,
2026-12-15,7:00 PM,8:00 PM,Wasatch HS,CAPS Showcase,
2026-12-15,7:00 PM,8:00 PM,Wasatch HS,Orchestra Concert,
2026-12-15,7:00 PM,8:00 PM,Deer Creek HS,Choir Concert,
2026-12-16,,,Wasatch HS,Black Day,
2026-12-16,05:00 PM,06:30 PM,Heber Valley Railroad,North Pole Express,
2026-12-16,07:30 PM,09:00 PM,Heber Valley Railroad,North Pole Express,
2026-12-16,10:00 AM,1:00 PM,Wasatch HS,Christmas Party (Class and Lunch),
2026-12-16,5:30 PM,8:30 PM,Wasatch HS,Girls wrestling vs MVHS and Timpanogos,
2026-12-16,6:00 AM,7:45 AM,Wasatch HS,Weights Club West Campus,Wasatch Weight Lifting Club this is for 5-8th graders in west weight room
2026-12-17,,,Wasatch HS,Gold Day,
2026-12-17,,,Deer Creek HS,WBL- Bringhurst,
2026-12-17,05:00 PM,06:30 PM,Heber Valley Railroad,North Pole Express,
2026-12-17,07:30 PM,09:00 PM,Heber Valley Railroad,North Pole Express,
2026-12-17,5:00 PM,9:00 PM,Wasatch HS,Boys Wrestling @Payson ,Payson Dual JV 5:00 Varsity 7:00 PM
2026-12-17,5:00 PM,6:30 PM,Wasatch HS,Math Tutoring,
2026-12-18,,,Wasatch HS,Boys Basketball Tournament @ Las Vegas Tarkanian Classic,
2026-12-18,,,Wasatch HS,Black Day,
2026-12-18,,,Deer Creek HS,WBL- Bringhurst,
2026-12-18,05:00 PM,06:30 PM,Heber Valley Railroad,North Pole Express,
2026-12-18,07:30 PM,09:00 PM,Heber Valley Railroad,North Pole Express,
2026-12-18,11:00 AM,1:00 PM,Wasatch HS,Winter Assembly (Reyonlds),
2026-12-18,1:00 PM,9:00 PM,Wasatch HS,Boys Wrestling Christmas Clash,
2026-12-18,6:00 AM,7:45 AM,Wasatch HS,Weights Club West Campus,Wasatch Weight Lifting Club this is for 5-8th graders in west weight room
2026-12-19,,,Wasatch HS,Boys Basketball Tournament @ Las Vegas Tarkanian Classic,
2026-12-19,,,Wasatch HS,Boys Wrestling Christmas Clash,Christmas Clash tournament @ Western Sports Park
2026-12-19,02:00 PM,03:30 PM,Heber Valley Railroad,North Pole Express,
2026-12-19,05:00 PM,06:30 PM,Heber Valley Railroad,North Pole Express,
2026-12-19,07:30 PM,09:00 PM,Heber Valley Railroad,North Pole Express,
2026-12-19,11:30 AM,01:00 PM,Heber Valley Railroad,North Pole Express,
2026-12-19,8:00 AM,10:00 AM,Deer Creek HS,Boys Basketball: Little Dribblers,
2026-12-21,,,Wasatch HS,Boys Basketball Tournament @ Las Vegas Tarkanian Classic,
2026-12-21,,,Wasatch HS,All Sports Moratorium,
2026-12-21,,,Wasatch HS,Winter Break,
2026-12-21,02:00 PM,03:30 PM,Heber Valley Railroad,North Pole Express,
2026-12-21,05:00 PM,06:30 PM,Heber Valley Railroad,North Pole Express,
2026-12-21,07:30 PM,09:00 PM,Heber Valley Railroad,North Pole Express,
2026-12-21,11:30 AM,01:00 PM,Heber Valley Railroad,North Pole Express,
2026-12-22,,,Wasatch HS,Boys Basketball Tournament @ Las Vegas Tarkanian Classic,
2026-12-22,,,Wasatch HS,All Sports Moratorium,
2026-12-22,,,Wasatch HS,Winter Break,
2026-12-22,02:00 PM,03:30 PM,Heber Valley Railroad,North Pole Express,
2026-12-22,05:00 PM,06:30 PM,Heber Valley Railroad,North Pole Express,
2026-12-22,07:30 PM,09:00 PM,Heber Valley Railroad,North Pole Express,
2026-12-22,11:30 AM,01:00 PM,Heber Valley Railroad,North Pole Express,
2026-12-23,,,Wasatch HS,All Sports Moratorium,
2026-12-23,,,Wasatch HS,Winter Break,
2026-12-23,02:00 PM,03:30 PM,Heber Valley Railroad,North Pole Express,
2026-12-23,05:00 PM,06:30 PM,Heber Valley Railroad,North Pole Express,
2026-12-23,07:30 PM,09:00 PM,Heber Valley Railroad,North Pole Express,
2026-12-23,11:30 AM,01:00 PM,Heber Valley Railroad,North Pole Express,
2026-12-23,6:00 AM,7:45 AM,Wasatch HS,Weights Club West Campus,Wasatch Weight Lifting Club this is for 5-8th graders in west weight room
2026-12-24,,,Wasatch HS,All Sports Moratorium,
2026-12-24,,,Wasatch HS,Winter Break,
2026-12-24,,,Deer Creek HS,WBL- Bringhurst,
2026-12-25,,,Wasatch HS,All Sports Moratorium,
2026-12-25,,,Wasatch HS,Winter Break,
2026-12-25,,,Deer Creek HS,WBL- Bringhurst,
2026-12-25,6:00 AM,7:45 AM,Wasatch HS,Weights Club West Campus,Wasatch Weight Lifting Club this is for 5-8th graders in west weight room
2026-12-26,,,Wasatch HS,Winter Break,
2026-12-26,02:00 PM,03:30 PM,Heber Valley Railroad,North Pole Express,
2026-12-26,05:00 PM,06:30 PM,Heber Valley Railroad,North Pole Express,
2026-12-26,07:30 PM,09:00 PM,Heber Valley Railroad,North Pole Express,
2026-12-26,11:30 AM,01:00 PM,Heber Valley Railroad,North Pole Express,
2026-12-27,,,Wasatch HS,Winter Break,
2026-12-28,,,Wasatch HS,Winter Break,
2026-12-28,05:00 PM,06:30 PM,Heber Valley Railroad,North Pole Express,
2026-12-28,07:30 PM,09:00 PM,Heber Valley Railroad,North Pole Express,
2026-12-29,,,Wasatch HS,Winter Break,
2026-12-29,05:00 PM,06:30 PM,Heber Valley Railroad,North Pole Express,
2026-12-29,07:30 PM,09:00 PM,Heber Valley Railroad,North Pole Express,
2026-12-29,5:00 PM,9:00 PM,Wasatch HS,Boys wrestling @ Salem HIlls ,"JV 5:00 

Varsity 7:00 PM"
2026-12-30,,,Wasatch HS,Winter Break,
2026-12-30,05:00 PM,06:30 PM,Heber Valley Railroad,North Pole Express,
2026-12-30,07:30 PM,09:00 PM,Heber Valley Railroad,North Pole Express,
2026-12-30,3:30 PM,9:00 PM,Wasatch HS,Boys Basketball vs Payson,"soph-5:15

JV 3:30

Varsity 7:00"
2026-12-30,3:30 PM,5:00 PM,Wasatch HS,freshman boys basketball vs Payson,
2026-12-30,5:00 PM,9:00 PM,Wasatch HS,Boys wrestling @ Juab HS,"JV 5:00 PM

varsity 7:00 PM"
2026-12-30,6:00 AM,7:45 AM,Wasatch HS,Weights Club West Campus,Wasatch Weight Lifting Club this is for 5-8th graders in west weight room
2026-12-31,,,Wasatch HS,Winter Break,
2026-12-31,,,Deer Creek HS,WBL- Bringhurst,
2026-12-31,09:30 PM,12:30 AM,Heber Valley Railroad,New Year's Eve Train,
2027-01-01,,,Wasatch HS,All Sports Moratorium,
2027-01-01,,,Wasatch HS,Winter Break,
2027-01-01,,,Deer Creek HS,WBL- Bringhurst,
2027-01-01,6:00 AM,7:45 AM,Wasatch HS,Weights Club West Campus,Wasatch Weight Lifting Club this is for 5-8th graders in west weight room
2027-01-04,,,Wasatch HS,Teacher Professional Development Day -- No School,
2027-01-05,,,Wasatch HS,Teacher Professional Development Day -- No School,
2027-01-05,3:30 PM,9:00 PM,Wasatch HS,Boys Basketball @ Provo,"Varsity 7:00

JV 3:30

Sophomore 5:15"
2027-01-05,3:30 PM,5:30 PM,Wasatch HS,Freshman Boy Basketball @ Provo,
2027-01-05,5:00 PM,9:00 PM,Wasatch HS,Boys Wrestling Vs Layton,
2027-01-06,,,Wasatch HS,Gold Day,
2027-01-06,5:30 PM,8:30 PM,Wasatch HS,Girls wrestling Vs Deer Creek & Orem,
2027-01-06,6:00 AM,7:45 AM,Wasatch HS,Weights Club West Campus,Wasatch Weight Lifting Club this is for 5-8th graders in west weight room
2027-01-07,,,Wasatch HS,swimming St George Invitational @ Utah Tech,St. George Invitational
2027-01-07,,,Wasatch HS,Black Day,
2027-01-07,,,Deer Creek HS,WBL- Bringhurst,
2027-01-07,5:00 PM,6:30 PM,Wasatch HS,Math Tutoring,
2027-01-08,,,Wasatch HS,Boys Wrestling Rollie Lane Invitational,Rollie Lane @ Idaho Center
2027-01-08,,,Wasatch HS,Gold Day,
2027-01-08,,,Deer Creek HS,WBL- Bringhurst,
2027-01-08,3:30 PM,9:00 PM,Wasatch HS,Boys Basketball vrs Mountain View,"soph 5:15

JV 3:30

Varsity 7:00"
2027-01-08,6:00 AM,7:45 AM,Wasatch HS,Weights Club West Campus,Wasatch Weight Lifting Club this is for 5-8th graders in west weight room
2027-01-09,8:00 AM,10:00 AM,Deer Creek HS,Boys Basketball: Little Dribblers,
2027-01-09,8:30 PM,9:30 PM,Deer Creek HS,Winter Dance,
2027-01-11,,,Wasatch HS,Black Day,
2027-01-12,,,Wasatch HS,Gold Day,
2027-01-12,3:30 PM,9:00 PM,Wasatch HS,Boys Basketball vs Summit Academy,"soph 5:15

JV 3:30

Varsity 7:00"
2027-01-12,3:30 PM,5:30 PM,Wasatch HS,Freshman Boys Basketball  Vs Summit Academy,
2027-01-12,5:00 PM,9:00 PM,Wasatch HS,Boys Wrestling @ Mnt View HS,"JV 5:00 PM

Varsity 7:00 PM"
2027-01-13,,,Wasatch HS,Black Day,
2027-01-13,11:00 AM,1:00 PM,Wasatch HS,Club Swarm @Lunch,
2027-01-13,5:30 PM,8:30 PM,Wasatch HS,Girls Wrestling @ Uintah,
2027-01-13,6:00 AM,7:45 AM,Wasatch HS,Weights Club West Campus,Wasatch Weight Lifting Club this is for 5-8th graders in west weight room
2027-01-14,,,Wasatch HS,Gold Day,
2027-01-14,,,Deer Creek HS,WBL- Bringhurst,
2027-01-14,5:00 PM,6:30 PM,Wasatch HS,Math Tutoring,
2027-01-15,,,Wasatch HS,Black Day,
2027-01-15,,,Deer Creek HS,WBL- Bringhurst,
2027-01-15,3:30 PM,9:00 PM,Wasatch HS,Boys Basketball vs Timpanogos,"varsity 7;00

JV 3:30

Sophomore 5:15"
2027-01-15,3:30 PM,5:30 PM,Wasatch HS,Freshman Boys Basketball vs Timpanogos,
2027-01-15,6:00 AM,7:45 AM,Wasatch HS,Weights Club West Campus,Wasatch Weight Lifting Club this is for 5-8th graders in west weight room
2027-01-15,8:30 AM,5:00 PM,Wasatch HS,Boys Wrestling@ PIne View tournament,
2027-01-16,8:00 AM,10:00 AM,Deer Creek HS,Boys Basketball: Little Dribblers,
2027-01-18,,,Wasatch HS,Martin Luther King Jr. Day -- No School,
2027-01-19,,,Wasatch HS,Gold Day,
2027-01-19,3:30 PM,9:00 PM,Wasatch HS,Boys Basketball @Uintah,"soph-5:15

Jv 3:30

Varsity 7:00"
2027-01-19,3:30 PM,5:30 PM,Wasatch HS,Freshman boys basketball @ Uintah,
2027-01-20,,,Wasatch HS,Black Day,
2027-01-20,5:00 PM,9:00 PM,Wasatch HS,Boys Wrestling Vs Uintah,"JV 5:00 

Varsity 7:00"
2027-01-20,6:00 AM,7:45 AM,Wasatch HS,Weights Club West Campus,Wasatch Weight Lifting Club this is for 5-8th graders in west weight room
2027-01-21,,,Wasatch HS,Gold Day,
2027-01-21,,,Deer Creek HS,WBL- Bringhurst,
2027-01-21,3:45 PM,4:45 PM,Wasatch HS,swimming @ Deer Creek (senior night),"senior night.

Wasatch @ Deer Creek"
2027-01-21,5:00 PM,6:30 PM,Wasatch HS,Math Tutoring,
2027-01-22,,,Wasatch HS,Boys Wrestling Rockwell Rumble. @ Western Sports Park,Rockwell Rumble @ Western Sports Park
2027-01-22,,,Wasatch HS,Black Day,
2027-01-22,,,Deer Creek HS,WBL- Bringhurst,
2027-01-22,6:00 AM,7:45 AM,Wasatch HS,Weights Club West Campus,Wasatch Weight Lifting Club this is for 5-8th graders in west weight room
2027-01-23,8:00 AM,10:00 AM,Deer Creek HS,Boys Basketball: Little Dribblers,
2027-01-24,,,Wasatch HS,Gold Day,
2027-01-25,,,Wasatch HS,Gold Day,
2027-01-26,,,Wasatch HS,Gold Day,
2027-01-26,,,Wasatch HS,Black Day,
2027-01-26,3:30 PM,4:30 PM,Wasatch HS,Boys Basketball Vs Deer Creek,"soph 5:15

JV 3:30

Varsity 7:00"
2027-01-26,3:30 PM,5:30 PM,Wasatch HS,Freshman boys basketball Vs Deer Creek,
2027-01-27,6:00 AM,7:45 AM,Wasatch HS,Weights Club West Campus,Wasatch Weight Lifting Club this is for 5-8th graders in west weight room
2027-01-28,,,Wasatch HS,Gold Day,
2027-01-28,,,Wasatch HS,Black Day,
2027-01-28,,,Deer Creek HS,WBL- Bringhurst,
2027-01-28,5:00 PM,6:30 PM,Wasatch HS,Math Tutoring,
2027-01-29,,,Deer Creek HS,WBL- Bringhurst,
2027-01-29,3:30 PM,9:00 PM,Wasatch HS,Boys Basketball vs Provo,"soph 5:15

JV 3:30

Varsity 7:00"
2027-01-29,3:30 PM,5:30 PM,Wasatch HS,freshman boys baskeball Vs Provo,
2027-01-29,6:00 AM,7:45 AM,Wasatch HS,Weights Club West Campus,Wasatch Weight Lifting Club this is for 5-8th graders in west weight room
2027-01-30,2:00 PM,9:00 PM,Wasatch HS,Swimming Region @ South Davis,Region swim @ South Davis
2027-01-30,8:00 AM,10:00 AM,Deer Creek HS,Boys Basketball: Little Dribblers,
2027-02-01,,,Wasatch HS,Black Day,
2027-02-02,,,Wasatch HS,Gold Day,
2027-02-02,3:30 PM,9:00 PM,Wasatch HS,Boys Basketball @ Mountain View,"soph 5:15

JV 3:30

Varsity 7:00"
2027-02-03,,,Wasatch HS,Boys Wrestling Divisionals @ Jordan HS,Divisionals @ Jordan HS
2027-02-03,,,Wasatch HS,Black Day,
2027-02-03,6:00 AM,7:45 AM,Wasatch HS,Weights Club West Campus,Wasatch Weight Lifting Club this is for 5-8th graders in west weight room
2027-02-04,,,Wasatch HS,Gold Day,
2027-02-04,,,Deer Creek HS,WBL- Bringhurst,
2027-02-04,5:00 PM,6:30 PM,Wasatch HS,Math Tutoring,
2027-02-05,,,Wasatch HS,Black Day,
2027-02-05,,,Deer Creek HS,WBL- Bringhurst,
2027-02-05,3:00 PM,9:00 PM,Wasatch HS,Boys Basketball @ summit academy,"soph 5:15

JV 3:30

Varsity 7:00"
2027-02-05,3:30 PM,5:30 PM,Wasatch HS,Freshman Boys Basketball @Summit Academy,
2027-02-05,6:00 AM,7:45 AM,Wasatch HS,Weights Club West Campus,Wasatch Weight Lifting Club this is for 5-8th graders in west weight room
2027-02-06,8:00 AM,10:00 AM,Deer Creek HS,Boys Basketball: Little Dribblers,
2027-02-06,8:30 PM,11:00 PM,Deer Creek HS,Sweethearts Dance,
2027-02-06,9:30 PM,12:00 AM,Wasatch HS,Sweethearts Dance,
2027-02-08,,,Wasatch HS,Gold Day,
2027-02-09,,,Wasatch HS,Black Day,
2027-02-09,3:30 PM,9:30 PM,Wasatch HS,Boys Basketball @ Timpanogos,"Varsity 7:00 PM

JV 5:15 PM

sophomore 3:30"
2027-02-09,3:30 PM,5:30 PM,Wasatch HS,Freshman Boys Basketball @ Timpanogos,
2027-02-09,7:00 PM,8:15 PM,Wasatch HS,"""Songs & Sweets"" Choir Event",
2027-02-10,,,Wasatch HS,Gold Day,
2027-02-10,6:00 AM,7:45 AM,Wasatch HS,Weights Club West Campus,Wasatch Weight Lifting Club this is for 5-8th graders in west weight room
2027-02-10,7:00 PM,8:30 PM,Wasatch HS,Murder on the Orient Express (Winter Play),
2027-02-11,,,Wasatch HS,Black Day,
2027-02-11,,,Deer Creek HS,WBL- Bringhurst,
2027-02-11,5:00 PM,6:30 PM,Wasatch HS,Math Tutoring,
2027-02-11,7:00 PM,9:30 PM,Wasatch HS,Murder on the Orient Express (Winter Play),
2027-02-12,,,Wasatch HS,Gold Day,
2027-02-12,,,Deer Creek HS,WBL- Bringhurst,
2027-02-12,3:30 PM,9:00 PM,Wasatch HS,Boys Basketball Vs Uintah,"soph 5:15

JV 3:30

Varsity 7:00"
2027-02-12,3:30 PM,5:30 PM,Wasatch HS,Freshman boys basketball Vs Uintah,
2027-02-12,6:00 AM,7:45 AM,Wasatch HS,Weights Club West Campus,Wasatch Weight Lifting Club this is for 5-8th graders in west weight room
2027-02-12,7:00 PM,8:30 PM,Wasatch HS,Murder on the Orient Express (Winter Play) ,
2027-02-13,7:00 PM,9:30 PM,Wasatch HS,Murder on the Orient Express (Winter Play) ,
2027-02-16,,,Wasatch HS,Black Day,
2027-02-17,,,Wasatch HS,Gold Day,
2027-02-17,12:00 PM,9:00 PM,Wasatch HS,Boys Wrestling State Championships @ UCCU,state tournament @ UCCU
2027-02-17,6:00 AM,7:45 AM,Wasatch HS,Weights Club West Campus,Wasatch Weight Lifting Club this is for 5-8th graders in west weight room
2027-02-17,7:00 PM,8:15 PM,Wasatch HS,Wasatch District Orchestra Concert,
2027-02-18,,,Wasatch HS,Black Day,
2027-02-18,,,Deer Creek HS,WBL- Bringhurst,
2027-02-18,5:00 PM,6:30 PM,Wasatch HS,Math Tutoring,
2027-02-18,7:00 PM,8:30 PM,Wasatch HS,Wasatch District Band Concert,
2027-02-18,7:00 PM,8:00 PM,Deer Creek HS,District Orchestra Concert,
2027-02-19,,,Wasatch HS,Gold Day,
2027-02-19,,,Deer Creek HS,WBL- Bringhurst,
2027-02-19,3:30 PM,9:00 PM,Wasatch HS,Boys Basketball @ Deer Creek,"soph 5:15

JV 3:30

Varsity 7:00"
2027-02-19,3:30 PM,4:30 PM,Wasatch HS,freshman boys basketball@ Deer Creek,
2027-02-19,5:30 PM,9:30 PM,Wasatch HS,6A State Championship Prelims @ BYU,swimming prelims state
2027-02-19,6:00 AM,7:45 AM,Wasatch HS,Weights Club West Campus,Wasatch Weight Lifting Club this is for 5-8th graders in west weight room
2027-02-22,,,Wasatch HS,Black Day,
2027-02-22,,,Wasatch HS,Black Day,
2027-02-23,,,Wasatch HS,Gold Day,
2027-02-24,,,Wasatch HS,Black Day,
2027-02-24,12:00 PM,7:00 PM,Wasatch HS,Region Instrumental Solo & Ensemble Festival,
2027-02-24,4:00 PM,5:00 PM,Wasatch HS,Boys Basketball State Round 1,
2027-02-24,6:00 AM,7:45 AM,Wasatch HS,Weights Club West Campus,Wasatch Weight Lifting Club this is for 5-8th graders in west weight room
2027-02-24,8:00 AM,9:00 AM,Deer Creek HS,Orchestra Instrumental S&E @ Provo,
2027-02-25,,,Wasatch HS,Gold Day,
2027-02-25,,,Deer Creek HS,WBL- Bringhurst,
2027-02-25,5:00 PM,6:30 PM,Wasatch HS,Math Tutoring,
2027-02-26,,,Wasatch HS,Black Day,
2027-02-26,,,Deer Creek HS,WBL- Bringhurst,
2027-02-26,11:30 AM,12:30 PM,Wasatch HS,Boys Basketball State Round 2 TBD,
2027-02-26,6:00 AM,7:45 AM,Wasatch HS,Weights Club West Campus,Wasatch Weight Lifting Club this is for 5-8th graders in west weight room
2027-03-01,,,Wasatch HS,Gold Day,
2027-03-01,11:30 AM,12:30 PM,Wasatch HS,Boys Basketball state Quarters,
2027-03-02,,,Wasatch HS,Black Day,
2027-03-02,11:30 AM,12:30 PM,Wasatch HS,Boys Basketball Semifinals @ UCCU,
2027-03-03,,,Wasatch HS,Gold Day,
2027-03-03,11:30 AM,12:30 PM,Wasatch HS,Boys Basketball state Championship @ UCCU,
2027-03-03,12:00 PM,7:00 PM,Wasatch HS,Region Jazz Festival,
2027-03-03,6:30 AM,7:45 AM,Wasatch HS,Wasatch Weight Lifting Club,5th-8th grade weight lifting club at West Weight Room
2027-03-03,6:30 PM,8:30 PM,Wasatch HS,Issues Conference ,
2027-03-03,8:00 AM,9:00 AM,Deer Creek HS,Jazz Band @ Timp,
2027-03-04,,,Wasatch HS,Black Day,
2027-03-04,,,Deer Creek HS,WBL- Bringhurst,
2027-03-04,5:00 PM,6:30 PM,Wasatch HS,Math Tutoring,
2027-03-04,7:00 PM,8:30 PM,Wasatch HS,Choir Concert,
2027-03-05,,,Wasatch HS,Gold Day,
2027-03-05,,,Deer Creek HS,WBL- Bringhurst,
2027-03-05,6:00 PM,9:00 PM,Deer Creek HS,Drill Showcase,
2027-03-05,6:30 AM,7:45 AM,Wasatch HS,Wasatch Weight Lifting Club,5th-8th grade weight lifting club at West Weight Room
2027-03-08,,,Wasatch HS,Black Day,
2027-03-08,4:00 PM,7:00 PM,Deer Creek HS,Drill Try Outs,
2027-03-09,,,Wasatch HS,Gold Day,
2027-03-09,4:00 PM,7:00 PM,Deer Creek HS,Drill Try Outs,
2027-03-10,,,Wasatch HS,Black Day,
2027-03-10,,,Wasatch HS,End of Term 3,
2027-03-10,1:00 PM,6:00 PM,Wasatch HS,Region Vocal Solo & Ensemble Festival,
2027-03-10,4:00 PM,7:00 PM,Deer Creek HS,Drill Try Outs,
2027-03-10,6:30 AM,7:45 AM,Wasatch HS,Wasatch Weight Lifting Club,5th-8th grade weight lifting club at West Weight Room
2027-03-10,8:00 AM,9:00 AM,Deer Creek HS,Vocal & Piano S&E @ Timpanogos,
2027-03-11,,,Deer Creek HS,WBL- Bringhurst,
2027-03-11,5:00 PM,6:30 PM,Wasatch HS,Math Tutoring,
2027-03-12,,,Deer Creek HS,WBL- Bringhurst,
2027-03-12,12:00 PM,10:00 PM,Wasatch HS,Dance Co. Fundraiser - Step Up Dance Competition,
2027-03-12,12:00 PM,10:00 PM,Wasatch HS,Step-up Dance Competition,
2027-03-12,6:30 AM,7:45 AM,Wasatch HS,Wasatch Weight Lifting Club,5th-8th grade weight lifting club at West Weight Room
2027-03-13,7:00 AM,10:00 PM,Wasatch HS,Step-up Dance Competition,
2027-03-15,,,Wasatch HS,Gold Day,
2027-03-16,,,Wasatch HS,Black Day,
2027-03-16,7:30 AM,8:45 AM,Wasatch HS,Wasatch Weight Lifting Club,5th-8th grade weight lifting club at West Weight Room
2027-03-17,,,Wasatch HS,Gold Day,
2027-03-17,12:00 PM,6:00 PM,Wasatch HS,Region Orchestra Festival,
2027-03-17,8:00 AM,9:00 AM,Deer Creek HS,Orchestra Festival @ Mtn. View,
2027-03-18,,,Wasatch HS,Black Day,
2027-03-18,,,Deer Creek HS,WBL- Bringhurst,
2027-03-18,5:00 PM,6:30 PM,Wasatch HS,Math Tutoring,
2027-03-18,7:30 AM,8:45 AM,Wasatch HS,Wasatch Weight Lifting Club,5th-8th grade weight lifting club at West Weight Room
2027-03-19,,,Wasatch HS,Gold Day,
2027-03-19,,,Deer Creek HS,WBL- Bringhurst,
2027-03-22,,,Wasatch HS,Black Day,
2027-03-22,,,Wasatch HS,Black Day,
2027-03-22,7:00 AM,7:45 AM,Deer Creek HS,Promenade Practice,
2027-03-23,,,Wasatch HS,Gold Day,
2027-03-23,7:00 AM,7:45 AM,Deer Creek HS,Promenade Practice,
2027-03-23,7:30 AM,8:45 AM,Wasatch HS,Wasatch Weight Lifting Club,5th-8th grade weight lifting club at West Weight Room
2027-03-24,,,Wasatch HS,Black Day,
2027-03-24,7:00 AM,7:45 AM,Deer Creek HS,Promenade Practice-Mandatory,
2027-03-24,8:00 AM,9:00 AM,Deer Creek HS,Concert Band Festival @ Uintah,
2027-03-24,9:00 AM,9:00 PM,Wasatch HS,Region Band Festival,
2027-03-25,,,Wasatch HS,Region Theatre Competition-One Act,
2027-03-25,,,Wasatch HS,Gold Day,
2027-03-25,,,Deer Creek HS,WBL- Bringhurst,
2027-03-25,5:00 PM,6:30 PM,Wasatch HS,Math Tutoring,
2027-03-25,7:00 AM,7:45 AM,Deer Creek HS,Promenade Practice-Mandatory,
2027-03-25,7:30 AM,8:45 AM,Wasatch HS,Wasatch Weight Lifting Club,5th-8th grade weight lifting club at West Weight Room
2027-03-26,,,Wasatch HS,NUES Region Sterling Scholar Competition,
2027-03-26,,,Wasatch HS,Black Day,
2027-03-26,,,Deer Creek HS,WBL- Bringhurst,
2027-03-26,7:00 AM,7:45 AM,Deer Creek HS,Promenade Practice-Mandatory,
2027-03-27,8:30 PM,11:00 PM,Deer Creek HS,Prom,
2027-03-29,,,Wasatch HS,Gold Day,
2027-03-30,,,Wasatch HS,Black Day,
2027-03-30,7:30 AM,8:45 AM,Wasatch HS,Wasatch Weight Lifting Club,5th-8th grade weight lifting club at West Weight Room
2027-03-31,,,Wasatch HS,Gold Day,
2027-03-31,1:00 PM,8:00 PM,Wasatch HS,Region Large Choir Festival,
2027-03-31,7:00 PM,10:00 PM,Deer Creek HS,Dance Company Show,
2027-03-31,8:00 AM,9:00 AM,Deer Creek HS,Large Choir @ Mountain View,
2027-04-01,,,Wasatch HS,Black Day,
2027-04-01,,,Deer Creek HS,WBL- Bringhurst,
2027-04-01,7:00 PM,10:00 PM,Deer Creek HS,Dance Company Show,
2027-04-01,7:30 AM,8:45 AM,Wasatch HS,Wasatch Weight Lifting Club,5th-8th grade weight lifting club at West Weight Room
2027-04-02,,,Wasatch HS,Gold Day,
2027-04-02,,,Deer Creek HS,WBL- Bringhurst,
2027-04-05,,,Wasatch HS,Spring Break -- No School,
2027-04-06,,,Wasatch HS,Spring Break -- No School,
2027-04-06,7:30 AM,8:45 AM,Wasatch HS,Wasatch Weight Lifting Club,5th-8th grade weight lifting club at West Weight Room
2027-04-07,,,Wasatch HS,Spring Break -- No School,
2027-04-08,,,Wasatch HS,Spring Break -- No School,
2027-04-08,,,Deer Creek HS,WBL- Bringhurst,
2027-04-08,5:00 PM,6:30 PM,Wasatch HS,Math Tutoring,
2027-04-08,7:30 AM,8:45 AM,Wasatch HS,Wasatch Weight Lifting Club,5th-8th grade weight lifting club at West Weight Room
2027-04-09,,,Wasatch HS,Spring Break -- No School,
2027-04-09,,,Deer Creek HS,WBL- Bringhurst,
2027-04-12,,,Wasatch HS,Black Day,
2027-04-13,,,Wasatch HS,Gold Day,
2027-04-13,7:30 AM,8:45 AM,Wasatch HS,Wasatch Weight Lifting Club,5th-8th grade weight lifting club at West Weight Room
2027-04-14,,,Wasatch HS,Black Day,
2027-04-14,1:00 PM,5:00 PM,Wasatch HS,Region Training Choir Festival,
2027-04-14,8:00 AM,9:00 AM,Deer Creek HS,Training Choir Festival @ Provo,
2027-04-15,,,Wasatch HS,State Theatre Competition - One Acts,
2027-04-15,,,Wasatch HS,Gold Day,
2027-04-15,,,Deer Creek HS,WBL- Bringhurst,
2027-04-15,5:00 PM,6:30 PM,Wasatch HS,Math Tutoring,
2027-04-15,7:30 AM,8:45 AM,Wasatch HS,Wasatch Weight Lifting Club,5th-8th grade weight lifting club at West Weight Room
2027-04-16,,,Wasatch HS,State Theatre Competition - One Acts,
2027-04-16,,,Wasatch HS,Black Day,
2027-04-16,,,Deer Creek HS,WBL- Bringhurst,
2027-04-17,,,Wasatch HS,State Theatre Competition - Individual Events,
2027-04-17,6:00 PM,7:30 PM,Wasatch HS,Promenade,
2027-04-17,8:30 PM,11:00 PM,Wasatch HS,Junior Prom Dance,
2027-04-19,,,Wasatch HS,Gold Day,
2027-04-20,,,Wasatch HS,Black Day,
2027-04-20,7:30 AM,8:45 AM,Wasatch HS,Wasatch Weight Lifting Club,5th-8th grade weight lifting club at West Weight Room
2027-04-21,,,Wasatch HS,NUES Regional Art Show,
2027-04-21,,,Wasatch HS,Gold Day,
2027-04-22,,,Wasatch HS,NUES Regional Art Show,
2027-04-22,,,Wasatch HS,Black Day,
2027-04-22,,,Deer Creek HS,WBL- Bringhurst,
2027-04-22,5:00 PM,6:30 PM,Wasatch HS,Math Tutoring,
2027-04-22,7:30 AM,8:45 AM,Wasatch HS,Wasatch Weight Lifting Club,5th-8th grade weight lifting club at West Weight Room
2027-04-23,,,Wasatch HS,NUES Regional Art Show,
2027-04-23,,,Wasatch HS,Gold Day,
2027-04-23,,,Deer Creek HS,WBL- Bringhurst,
2027-04-23,7:00 PM,8:30 PM,Wasatch HS,Tuck Everlasting (Spring Musical) ,
2027-04-23,7:00 PM,10:00 PM,Deer Creek HS,Spring Musical TBA,
2027-04-24,7:00 PM,8:30 PM,Wasatch HS,Tuck Everlasting (Spring Musical),
2027-04-24,7:00 PM,10:00 PM,Deer Creek HS,Spring Musical TBA,
2027-04-26,,,Wasatch HS,NUES Regional Art Show,
2027-04-26,,,Wasatch HS,Black Day,
2027-04-26,7:00 PM,8:30 PM,Wasatch HS,Tuck Everlasting (Spring Musical),
2027-04-27,,,Wasatch HS,Gold Day,
2027-04-27,7:30 AM,8:45 AM,Wasatch HS,Wasatch Weight Lifting Club,5th-8th grade weight lifting club at West Weight Room
2027-04-28,,,Wasatch HS,Black Day,
2027-04-28,7:00 PM,8:30 PM,Wasatch HS,Tuck Everlasting (Spring Musical),
2027-04-29,,,Wasatch HS,Gold Day,
2027-04-29,,,Deer Creek HS,WBL- Bringhurst,
2027-04-29,5:00 PM,6:30 PM,Wasatch HS,Math Tutoring,
2027-04-29,7:30 AM,8:45 AM,Wasatch HS,Wasatch Weight Lifting Club,5th-8th grade weight lifting club at West Weight Room
2027-04-30,,,Wasatch HS,Black Day,
2027-04-30,,,Deer Creek HS,WBL- Bringhurst,
2027-04-30,7:00 PM,9:30 PM,Wasatch HS,Tuck Everlasting (Spring Musical),
2027-05-01,,,Wasatch HS,State Solo & Ensemble Festival,
2027-05-01,7:00 AM,1:15 PM,Wasatch HS,PEAK 5K,
2027-05-03,,,Wasatch HS,State Orchestra Festival,
2027-05-03,,,Wasatch HS,Gold Day,
2027-05-03,5:00 PM,9:00 PM,Wasatch HS,Rotary Honors Night,The event will be at 7pm.
2027-05-04,,,Wasatch HS,State Orchestra Festival,
2027-05-04,,,Wasatch HS,Black Day,
2027-05-04,7:30 AM,8:45 AM,Wasatch HS,Wasatch Weight Lifting Club,5th-8th grade weight lifting club at West Weight Room
2027-05-05,,,Wasatch HS,State Orchestra Festival,
2027-05-05,,,Wasatch HS,Gold Day,
2027-05-06,,,Wasatch HS,State Band Festival,
2027-05-06,,,Wasatch HS,Black Day,
2027-05-06,,,Deer Creek HS,WBL- Bringhurst,
2027-05-06,5:00 PM,6:30 PM,Wasatch HS,Math Tutoring,
2027-05-06,7:30 AM,8:45 AM,Wasatch HS,Wasatch Weight Lifting Club,5th-8th grade weight lifting club at West Weight Room
2027-05-07,,,Wasatch HS,State Band Festival,
2027-05-07,,,Wasatch HS,Gold Day,
2027-05-07,,,Deer Creek HS,WBL- Bringhurst,
2027-05-08,,,Wasatch HS,State Band Festival,
2027-05-10,,,Wasatch HS,Black Day,
2027-05-10,,,Wasatch HS,Black Day,
2027-05-11,,,Wasatch HS,Gold Day,
2027-05-11,7:00 PM,8:30 PM,Wasatch HS,Orchestra Concert,
2027-05-11,7:30 AM,8:45 AM,Wasatch HS,Wasatch Weight Lifting Club,5th-8th grade weight lifting club at West Weight Room
2027-05-12,,,Wasatch HS,Black Day,
2027-05-12,7:00 PM,9:30 PM,Deer Creek HS,Performing Arts Gala,
2027-05-13,,,Wasatch HS,State Choir Festival,
2027-05-13,,,Wasatch HS,Gold Day,
2027-05-13,,,Deer Creek HS,WBL- Bringhurst,
2027-05-13,5:00 PM,6:30 PM,Wasatch HS,Math Tutoring,
2027-05-13,7:00 PM,8:15 PM,Wasatch HS,Choir Concert,
2027-05-13,7:30 AM,8:45 AM,Wasatch HS,Wasatch Weight Lifting Club,5th-8th grade weight lifting club at West Weight Room
2027-05-14,,,Wasatch HS,State Choir Festival,
2027-05-14,,,Wasatch HS,Black Day,
2027-05-14,,,Deer Creek HS,WBL- Bringhurst,
2027-05-15,,,Wasatch HS,State Choir Festival,
2027-05-17,,,Wasatch HS,Gold Day,
2027-05-18,,,Wasatch HS,Black Day,
2027-05-18,7:00 PM,8:30 PM,Wasatch HS,Band Concert,
2027-05-18,7:30 AM,8:45 AM,Wasatch HS,Wasatch Weight Lifting Club,5th-8th grade weight lifting club at West Weight Room
2027-05-19,,,Wasatch HS,Gold Day,
2027-05-19,6:30 PM,8:00 PM,Wasatch HS,Theatre Recognition Night,
2027-05-20,,,Wasatch HS,Black Day,
2027-05-20,,,Deer Creek HS,WBL- Bringhurst,
2027-05-20,5:00 PM,6:30 PM,Wasatch HS,Math Tutoring,
2027-05-20,7:30 AM,8:45 AM,Wasatch HS,Wasatch Weight Lifting Club,5th-8th grade weight lifting club at West Weight Room
2027-05-21,,,Wasatch HS,Gold Day,
2027-05-21,,,Deer Creek HS,WBL- Bringhurst,
2027-05-24,,,Wasatch HS,Black Day,
2027-05-24,,,Wasatch HS,Black Day,
2027-05-25,,,Wasatch HS,Gold Day,
2027-05-25,7:30 AM,8:45 AM,Wasatch HS,Wasatch Weight Lifting Club,5th-8th grade weight lifting club at West Weight Room
2027-05-26,,,Wasatch HS,Black Day,
2027-05-27,,,Wasatch HS,Gold Day,
2027-05-27,,,Wasatch HS,Last Day of School,
2027-05-27,,,Deer Creek HS,WBL- Bringhurst,
2027-05-27,7:30 AM,8:45 AM,Wasatch HS,Wasatch Weight Lifting Club,5th-8th grade weight lifting club at West Weight Room
2027-05-28,,,Deer Creek HS,WBL- Bringhurst,
2027-06-28,,,Wasatch HS,All Sports Moratorium,
2027-06-29,,,Wasatch HS,All Sports Moratorium,
2027-06-30,,,Wasatch HS,All Sports Moratorium,
