Date,Start Time,End Time,Event,Description,Location,All Day
2026-07-31,,,Cross Country High Altitude Camp,,Heber City,Yes
2026-08-01,,,Cross Country High Altitude Camp,,Heber City,Yes
2026-08-01,,,Fair Days Parade,,Heber City,Yes
2026-08-01,7:30 AM,12:00 PM,Boys Basketball 3 on 3 Tournament,,Heber City,No
2026-08-03,9:00 AM,1:00 PM,Senior Picture Day,,Heber City,No
2026-08-04,9:00 AM,1:00 PM,Senior Picture Day,,Heber City,No
2026-08-04,7:00 PM,9:00 PM,WHS Coaches Training,,Heber City,No
2026-08-06,3:00 PM,9:00 PM,Girls Soccer @ Park City (Quinn's Sportex Field),"Soph. 3:00

JV 5:00

Varsity 7:00",Heber City,No
2026-08-06,6:00 PM,8:30 PM,Football Cake Auction (Commons),,Heber City,No
2026-08-07,8:00 AM,2:00 PM,Girls Tennis @ Lehi,"Lehi Open

Wasatch vs Lehi 10 AM

Wasatch vs Alta 12 Pm

first day Lehi courts",Heber City,No
2026-08-08,8:00 AM,12:00 PM,Girls Tennis @ Westlake courts,"wasatch vrs Lehi 10 AM Lehi Courts

Wasatch vrs Alta 12:00 Pm

Day one Lehi Courts",Heber City,No
2026-08-10,8:00 AM,2:00 PM,New Student Tours,,Heber City,No
2026-08-10,8:00 AM,12:00 PM,Golf Boys,"Host Deer Creek

location Wasatch State Park Lake Course",Heber City,No
2026-08-10,3:00 PM,6:00 PM,Tennis Girls vs Park City,Preseason vrs Park City,Heber City,No
2026-08-11,8:00 AM,12:00 PM,Welcome Back Teachers,@ DCHS,Heber City,No
2026-08-11,9:00 AM,2:30 PM,Media Day Photo Shoot,,Heber City,No
2026-08-11,3:30 PM,4:30 PM,Girls Soccer Varsity and JV @ Springville,"Varsity 7:00 PM
JV 5:00 PM",Heber City,No
2026-08-11,5:30 PM,7:30 PM,ALT ORIENTATION,,Heber City,No
2026-08-12,8:00 AM,3:00 PM,Wasatch Back Conference,,Heber City,No
2026-08-12,6:00 PM,8:00 PM,Back to School Night,,Heber City,No
2026-08-13,,,Professional Development Day,,Heber City,Yes
2026-08-13,8:00 AM,9:30 AM,Staff Training,,Heber City,No
2026-08-13,9:00 AM,2:30 PM,Media Day Photo Shoot,,Heber City,No
2026-08-13,5:00 PM,6:00 PM,Girls Soccer-home vs. Spanish Fork,"JV 5:00

Varsity 7:00

vs-Spanish Fork",Heber City,No
2026-08-13,7:00 PM,9:30 PM,Varsity Football vs. Cedar (Theme: Lights Out),,Heber City,No
2026-08-14,,,Professional Development Day,,Heber City,Yes
2026-08-15,9:00 AM,1:00 PM,Girls Soccer Home vs. Desert Hills,"Varsity 9:00 Am
JV 11:00 AM
vr Desert Hills",Heber City,No
2026-08-17,,,Freshman First Day of School,,Heber City,Yes
2026-08-18,,,Gold Day - First Day of School 10-12,,Heber City,Yes
2026-08-18,2:30 PM,3:30 PM,Freshmen Rep Info Meeting -- Room 509,,Heber City,No
2026-08-18,3:00 PM,6:00 PM,Tennis vs Cottonwood,home vrs Cottonwood,Heber City,No
2026-08-18,3:30 PM,8:30 PM,Girls Volleyball @ Salem Hills,"Soph 3:30
JV 5:00
Varsity 6:30

At Salem Hills",Heber City,No
2026-08-18,5:00 PM,8:00 PM,Girls Soccer vs Provo,"Varsity 7:00 PM Stadium
JV. 5:00 PM Quad
versus Provo",Heber City,No
2026-08-19,,,Black Day,,Heber City,Yes
2026-08-20,,,Gold Day,,Heber City,Yes
2026-08-20,1:00 PM,4:00 PM,Golf @ Riverbend,Riverbend.,Heber City,No
2026-08-20,2:30 PM,9:00 PM,Girls Volleyball vs Spanish Fork (Neon Theme),"Soph 3:30
JV 5:00
Varsity 6:30",Heber City,No
2026-08-20,5:00 PM,8:30 PM,Girls Soccer @ Mountain View,"JV 5:00 PM
Varsity 7:00 PM",Heber City,No
2026-08-20,5:30 PM,6:30 PM,Heber Market on Main Pep Rally,,Heber City,No
2026-08-20,6:00 PM,8:00 PM,Frosh Football,Frosh Football,Heber City,No
2026-08-20,6:00 PM,8:00 PM,Freshman Football vs Mt. Crest,,Heber City,No
2026-08-20,6:00 PM,8:00 PM,Intro to High School - Hispanic Night,,Heber City,No
2026-08-21,,,Black Day,,Heber City,Yes
2026-08-21,,,Girls Volleyball @ Freemont,Varsity Tournament @Fremont times TBD,Heber City,Yes
2026-08-21,7:00 AM,8:00 AM,Senior Sunrise,,Heber City,No
2026-08-21,3:00 PM,7:00 PM,Tennis @ MVHS,Girls Tennis @ MVHS,Heber City,No
2026-08-21,6:00 PM,8:30 PM,Cross Country @Payson,cross Country @Payson,Heber City,No
2026-08-21,6:00 PM,8:00 PM,Intro to High School - Hispanic Night,,Heber City,No
2026-08-21,7:00 PM,9:00 PM,Football @ Mtn Crest,Varsity@7:00,Heber City,No
2026-08-22,,,Girls Volley Fresh and Soph @North Sanpete,"Fresh and Soph tournament at North Sanpete
Times TBD",Heber City,Yes
2026-08-23,,,Submit Hello Dolly Vocal Auditions Today,,Heber City,Yes
2026-08-24,,,Week of Welcome,,Heber City,Yes
2026-08-24,,,Gold Day,,Heber City,Yes
2026-08-24,,,Picture Day -- Grades 10 & 11,,Heber City,Yes
2026-08-24,10:30 AM,11:10 AM,Watch Mater Tales During Lunch -- Week of Welcome,,Heber City,No
2026-08-24,1:30 PM,2:30 PM,Football Study Hall,,Heber City,No
2026-08-24,3:00 PM,5:00 PM,Hello Dolly Auditions,,Heber City,No
2026-08-24,5:30 PM,6:30 PM,Sophomore Soccer @Cedar Valley,Sophomore Soccer @Cedar Valley,Heber City,No
2026-08-25,,,Week of Welcome,,Heber City,Yes
2026-08-25,,,Black Day,,Heber City,Yes
2026-08-25,,,Picture Day - Grades 9 & 12,,Heber City,Yes
2026-08-25,11:13 AM,11:53 AM,Mario Kart at Lunch -- Week of Welcome,,Heber City,No
2026-08-25,3:00 PM,6:00 PM,JV Boys Golf Soldier Hollow,"Wasatch JV vs Orem. 9 holes 

Soldier Hollow",Heber City,No
2026-08-25,3:30 PM,6:30 PM,Girls Tennis Vs Deer Creek,tennis vrs Deer Creek,Heber City,No
2026-08-25,3:30 PM,8:00 PM,Volleyball vs Payson,"volleyball tournament vs Payson 

Sophomore- 3:30

Fresh -5:00

JV- 5:00

Varsity- 6:30",Heber City,No
2026-08-25,7:00 PM,9:00 PM,Varsity Girls Soccer Vs. Summit,"Varsity 7:00 PM Stadium
JV 5:00 PM Quad",Heber City,No
2026-08-26,,,Week of Welcome,,Heber City,Yes
2026-08-26,,,Gold Day,,Heber City,Yes
2026-08-26,11:13 AM,12:13 PM,Hot wheels car show -- Week of Welcome,,Heber City,No
2026-08-26,3:00 PM,5:00 PM,Hello Dolly Callbacks,,Heber City,No
2026-08-26,4:00 PM,5:00 PM,Girl Soccer Sophomore vs Alta,,Heber City,No
2026-08-26,6:00 PM,8:00 PM,Football (Fresh) @Mt Ridge,Freshman Football @6:00,Heber City,No
2026-08-27,,,Week of Welcome Dress in Cars Colors,"Freshman - Green 

Sophomores- Blue 

Juniors - Brown 

Seniors - Red",Heber City,Yes
2026-08-27,,,Black Day,,Heber City,Yes
2026-08-27,3:00 PM,6:00 PM,JV Boys Golf @Soldier Hollow,JV Vs Lone Peak 9 holes,Heber City,No
2026-08-27,4:00 PM,8:30 PM,FFA Crawdad Fishing at Strawberry ,,Heber City,No
2026-08-27,5:00 PM,7:00 PM,JV Girls Soccer,,Heber City,No
2026-08-27,7:00 PM,9:00 PM,Var Girls Soccer vs Timpanogos,"Varsity 7:00 PM Stadium
JV 5:00 PM Quad",Heber City,No
2026-08-28,,,Week of Welcome,,Heber City,Yes
2026-08-28,,,Gold Day,,Heber City,Yes
2026-08-28,,,Girls Tennis WestLake Open,"WestLake Open (Saratogo utah)
Location and times TBD
Aug 28-29",Heber City,Yes
2026-08-28,7:00 PM,8:00 PM,Cars at the stadium --Week of Welcome,,Heber City,No
2026-08-28,7:00 PM,9:00 PM,Football @ Bonneville,,Heber City,No
2026-08-29,,,Girls Tennis WestLake Open,"2nd day of WestLake Open Saratogo Springs
Times TBD",Heber City,Yes
2026-08-29,,,Girls JV Volleyball Tournament @ Provo,"JV@bulldog Bash Provo
Times TBD",Heber City,Yes
2026-08-29,7:30 AM,1:00 PM,Cross Country @Spanish Fork,Cross country @Spanish Fork,Heber City,No
2026-08-31,,,Black Day,,Heber City,Yes
2026-09-01,,,Gold Day,,Heber City,Yes
2026-09-01,8:00 AM,2:15 PM,Boys Golf @Provo,"Host Provo

Mountain View 8 am Shotgun",Heber City,No
2026-09-01,3:00 PM,7:00 PM,Girls soccer @ Uintah,"JV 3:00 PM
Varsity 5:00 PM",Heber City,No
2026-09-01,3:30 PM,6:30 PM,Girls Tennis @ Provo,"Varsity 3:30
Provo High school",Heber City,No
2026-09-01,3:30 PM,8:00 PM,Girls Volleyball vs Uintah,"Fresh 5:00 Aux Gym
Soph 3:30 Nest
JV 5:00 Nest
Varsity 6:30 Nest
vrs Uintah",Heber City,No
2026-09-02,,,Black Day,,Heber City,Yes
2026-09-02,11:00 AM,1:00 PM,Club Swarm @Lunch,,Heber City,No
2026-09-02,5:30 PM,7:00 PM,Sophomore Girls Soccer,,Heber City,No
2026-09-02,6:00 PM,7:00 PM,Football (Fresh) vs Deer Creek,Freshman @6:00,Heber City,No
2026-09-03,,,Gold Day,,Heber City,Yes
2026-09-03,3:30 PM,6:30 PM,Girls Tennis VS MVHS,,Heber City,No
2026-09-03,3:30 PM,8:00 PM,Girls Volleyball @Mountain View,"Fresh 5:00
Soph 3:30
JV 5:00
Varsity 6:30",Heber City,No
2026-09-03,5:00 PM,7:00 PM,JV Girls Soccer vs. Orem,,Heber City,No
2026-09-03,5:00 PM,6:30 PM,Math Tutoring,,Heber City,No
2026-09-03,7:00 PM,9:00 PM,Var Girls Soccer Vrs Orem,"Varsity 7:00 Stadium
JV 5:00 Quad",Heber City,No
2026-09-04,,,Black Day,,Heber City,Yes
2026-09-04,3:00 PM,4:00 PM,Cross Country @ Timpanogos Invitational,"cross country Timpanogos Invitational

Lake Side Park Orem",Heber City,No
2026-09-04,7:00 PM,9:00 PM,Football @ Deer Creek (Theme: Gold Out),,Heber City,No
2026-09-05,9:00 AM,11:00 AM,Swiss Days Parade,,Heber City,No
2026-09-07,,,Labor Day -- No School,,Heber City,Yes
2026-09-08,,,Gold Day,,Heber City,Yes
2026-09-08,3:30 PM,8:00 PM,Girls Volleyball @ Provo,volleyball @Provo,Heber City,No
2026-09-08,5:00 PM,9:00 PM,Girls Soccer @ Deer Creek,"Varsity 7:00 PM
JV 5:00 PM
@Deer Creek High School",Heber City,No
2026-09-09,,,Black Day,,Heber City,Yes
2026-09-09,9:00 AM,2:00 PM,Photography Noblets Field Trip,,Heber City,No
2026-09-09,3:00 PM,6:00 PM,JV Boys Golf @ cedar hills,JV vrs Lone Peak @ Cedar Hills G.C.,Heber City,No
2026-09-09,3:00 PM,4:00 PM,Tennis vrs Timpanogas High School,,Heber City,No
2026-09-09,6:00 PM,8:00 PM,Football ( Fresh) @ Timpanogos,Freshman Football,Heber City,No
2026-09-10,,,Varsity Girls Volleyball @ UVU tournament,varsity volleyball tournament @UVU PG host,Heber City,Yes
2026-09-10,,,Gold Day,,Heber City,Yes
2026-09-10,,,Girls Volleyball Varsity Tournament @ UVU,,Heber City,Yes
2026-09-10,1:00 PM,5:00 PM,JV Boys Golf @ Sleepy Ridge,"JV @ Sleepy Ridge

orem 18 holes 1 PM tee time",Heber City,No
2026-09-10,5:00 PM,6:30 PM,Math Tutoring,,Heber City,No
2026-09-10,5:00 PM,9:00 PM,Girls Soccer@Provo,"Varsity 7:00 PM
JV 5:00 Pm",Heber City,No
2026-09-11,,,Black Day,,Heber City,Yes
2026-09-11,,,Girls Volleyball Varsity Tournament @ UVU,,Heber City,Yes
2026-09-11,4:00 PM,6:00 PM,Sophomore Soccer Girls vs Skyridge,sophomore soccer girls vs skyridge,Heber City,No
2026-09-11,7:00 PM,9:00 PM,Football @ Timpanogos,,Heber City,No
2026-09-12,,,Girls Volleyball Varsity Tournament @ UVU,,Heber City,Yes
2026-09-12,8:30 AM,1:00 PM,Cross Country,Cross Country,Heber City,No
2026-09-14,,,Gold Day,,Heber City,Yes
2026-09-14,2:00 PM,10:00 PM,Wasatch FFA at the Utah State Fair,"Wasatch FFA members will be hosting guests at the ""Little Hands on the Farm"" exhibit at the Utah State Fair from 2 til 10 PM.",Heber City,No
2026-09-15,,,Black Day,,Heber City,Yes
2026-09-15,9:00 AM,1:00 PM,Boys Golf @ Uintah,"Host Uintah

Dinaland Golf Course",Heber City,No
2026-09-15,3:30 PM,4:30 PM,Girls Tennis vs Uintah,,Heber City,No
2026-09-15,3:30 PM,8:00 PM,Girls Volleyball vrs Summit,"Soph 3:30 Nest
JV 5:00 Nest
Varsity 6:30 Nest",Heber City,No
2026-09-15,5:00 PM,7:00 PM,JV Girls Soccer vrs Mountain View,,Heber City,No
2026-09-15,7:00 PM,9:00 PM,Var Girls Soccer @Home vs Mountain View,"Varsity 7:00 Stadium
JV 5:00 Quad
against Mountain View",Heber City,No
2026-09-16,,,Gold Day,,Heber City,Yes
2026-09-16,8:00 AM,12:00 PM,Boys Golf host Timpanogos. ,"Host Timpangos

Roosevelt 8 am shotgun",Heber City,No
2026-09-16,6:00 PM,8:00 PM,Girls Soccer Make a Difference Gala,,Heber City,No
2026-09-16,6:00 PM,7:00 PM,Football (Fresh) @Uintah,Freshman Football @6:00,Heber City,No
2026-09-17,,,Black Day,,Heber City,Yes
2026-09-17,3:30 PM,6:30 PM,Girls Tennis @ Orem,,Heber City,No
2026-09-17,3:30 PM,9:00 PM,Girls Volleyball@ Timpanogos,"Fresh 5:00
Soph 3:30
JV 5:00
Varsity 6:30
@Timpanogos",Heber City,No
2026-09-17,3:30 PM,7:00 PM,Girls Soccer @Summit Academy,"Varsity 3:30 
JV 5:00 
@summit academy",Heber City,No
2026-09-17,5:00 PM,6:30 PM,Math Tutoring,,Heber City,No
2026-09-18,,,Gold Day,,Heber City,Yes
2026-09-18,10:30 AM,5:00 PM,Girls volleyball @ cottonwood tournament,volleyball tournament @ cottonwood,Heber City,No
2026-09-18,7:00 PM,9:00 PM,Football vs Uintah,Varsity 7:00,Heber City,No
2026-09-19,,,Marching Band @ Payson High,,Heber City,Yes
2026-09-19,8:00 AM,9:00 AM,Cross Country @Roy ,Cross Country Roy Invitational,Heber City,No
2026-09-21,,,Black Day,,Heber City,Yes
2026-09-21,,,Girls Tennis JV Region,"JV Region Tournament
times TBD",Heber City,Yes
2026-09-21,4:00 PM,6:00 PM,sophomore girls soccer vs American fork,sophomore soccer vs american fork,Heber City,No
2026-09-22,,,Gold Day,,Heber City,Yes
2026-09-22,8:45 AM,2:00 PM,Geology Field Trip @ Natural History Museum,,Heber City,No
2026-09-22,10:00 AM,2:00 PM,Boys Golf @ Orem,"host Orem

Palisade 10 AM shotgun",Heber City,No
2026-09-22,3:30 PM,8:00 PM,Girls volleyball vs Orem,"volleyball vs orem

soph- 3:30

JV 5:00

Varsity 6:30",Heber City,No
2026-09-22,5:00 PM,8:00 PM,Girls Soccer @ Timpanogos,"Varsity 7:00 Pm
JV 5:00 PM
At Timpanogos",Heber City,No
2026-09-23,,,Black Day,,Heber City,Yes
2026-09-23,6:00 PM,8:00 PM,Football (Fresh) vs Provo,Freshman @6:00 Pm,Heber City,No
2026-09-24,,,Gold Day,,Heber City,Yes
2026-09-24,,,Girls Tennis Region ,"Region @ Deer Creek
Times TBD",Heber City,Yes
2026-09-24,3:30 PM,8:00 PM,Girls Volleyball @Deer  Creek,"Fresh 5:00
Soph 3:30
JV 5:00
Varsity 6:30",Heber City,No
2026-09-24,5:00 PM,7:30 PM,Cross Country@Juab Invitational,Cross Country Juab Invitational,Heber City,No
2026-09-24,5:00 PM,7:00 PM,Cross Country,Cross Country Juab Invitational Canyon Hills Golf Course  Nephi Utah,Heber City,No
2026-09-24,5:00 PM,6:30 PM,Math Tutoring,,Heber City,No
2026-09-24,5:00 PM,9:00 PM, Jv Girls soccer vrs Uintah,"Varsity 7:00 Stadium
JV 500 Quad
versus Uintah",Heber City,No
2026-09-24,6:00 PM,8:00 PM,SIS/Canvas training for parents that speak Spanish,,Heber City,No
2026-09-24,7:00 PM,9:00 PM,Varsity Girls Soccer vrs Uintah,varsity girls soccer vrs Uintah,Heber City,No
2026-09-25,,,Girls volleyball tournament @ Corner Canyon Classic,JV and Sophomore Tournament @ Corner canyon classic,Heber City,Yes
2026-09-25,,,Black Day,,Heber City,Yes
2026-09-25,,,Girls Tennis Region,"Region Tournament @ Deer Creek
Times TBD",Heber City,Yes
2026-09-25,7:00 PM,9:00 PM,Football @ Provo,,Heber City,No
2026-09-26,,,Marching Band @ Herriman High School,,Heber City,Yes
2026-09-28,,,Gold Day,,Heber City,Yes
2026-09-28,,,Homecoming Week,,Heber City,Yes
2026-09-28,8:00 AM,12:00 PM,boys golf @ Mtn View,"host Mtn View

Sleepy Ridge 8 am shotgun",Heber City,No
2026-09-28,1:15 PM,3:30 PM,Chalk-the-Block (After School),,Heber City,No
2026-09-28,7:00 PM,8:00 PM,Hometown Halftime Show @ Deer Creek High School,,Heber City,No
2026-09-29,,,Black Day,,Heber City,Yes
2026-09-29,,,Homecoming Week,,Heber City,Yes
2026-09-29,9:00 AM,2:00 PM,boys Golf Region,Region @ Talons Cove,Heber City,No
2026-09-29,3:30 PM,8:00 PM,Girls Volleyball vs Uintah,volleyball vs Uintah,Heber City,No
2026-09-30,,,Gold Day,,Heber City,Yes
2026-09-30,,,Homecoming Week,,Heber City,Yes
2026-09-30,4:00 PM,6:00 PM,Sophomore girls soccer Vs West Lake,sophomore girls soccer west lake,Heber City,No
2026-09-30,6:00 PM,8:00 PM,Powder Puff,,Heber City,No
2026-10-01,,,Shakespeare Competition,,Heber City,Yes
2026-10-01,,,Black Day,,Heber City,Yes
2026-10-01,,,Homecoming Week,,Heber City,Yes
2026-10-01,11:00 AM,1:00 PM,Homecoming Assembly,,Heber City,No
2026-10-01,3:30 PM,8:00 PM,Girls Volleyball vs Mountain View,volleyball Vs Mnt View,Heber City,No
2026-10-01,4:00 PM,5:00 PM,Football (JV) @ Park City,JV @4:00PM,Heber City,No
2026-10-01,5:00 PM,7:00 PM,JV Girls Soccer vs Deer Creek,JV Girls Soccer vs Deer Creek,Heber City,No
2026-10-01,5:00 PM,6:30 PM,Math Tutoring,,Heber City,No
2026-10-01,7:00 PM,8:30 PM,Girls Soccer Senior Night vs. DCHS,,Heber City,No
2026-10-01,7:00 PM,9:00 PM,Varsity Girls Soccer vs Deer Creek,"Varsity 7:00 PM Stadium
JV 5:00 PM Quad",Heber City,No
2026-10-02,,,Fall Baseball Tournament ,Hosting Fall Baseball tournament,Heber City,Yes
2026-10-02,,,Shakespeare Competition,,Heber City,Yes
2026-10-02,,,Gold Day,,Heber City,Yes
2026-10-02,,,Homecoming Week,,Heber City,Yes
2026-10-02,1:00 PM,3:00 PM,Homecoming Parade,,Heber City,No
2026-10-02,3:00 PM,6:00 PM,Cross Country@Orem Region,Cross Country Region Scera Park Orem,Heber City,No
2026-10-02,7:00 PM,10:00 PM,Homecoming Football Game (Theme?) vs. Park City,,Heber City,No
2026-10-02,7:00 PM,9:00 PM,Football vs Park City -- Homecoming,,Heber City,No
2026-10-03,,,Marching Band @ USU Maverik Stadium,,Heber City,Yes
2026-10-03,,,Shakespeare Competition,,Heber City,Yes
2026-10-03,,,Homecoming Week,,Heber City,Yes
2026-10-03,8:30 PM,11:00 PM,Homecoming Dance,,Heber City,No
2026-10-05,,,Black Day,,Heber City,Yes
2026-10-06,,,Gold Day,,Heber City,Yes
2026-10-06,3:30 PM,9:00 PM,Girls Volleyball (Pink Out) vs Provo,"Fresh 5:00 Aux Gym
Soph 3:30 Nest
Jv 5:00 nest
Varsity 6:30 Nest
vrs Provo",Heber City,No
2026-10-06,6:00 PM,8:00 PM,Football (Fresh)@ Skyline,Freshman 6:00,Heber City,No
2026-10-07,,,Black Day,,Heber City,Yes
2026-10-08,,,Gold Day,,Heber City,Yes
2026-10-08,3:00 PM,10:00 PM,All State Choir,,Heber City,No
2026-10-08,3:30 PM,8:00 PM,Girls Volleyball @Summit Academy,"Fresh ??
Soph 3:30
JV 5:00 
Varsity 6:30",Heber City,No
2026-10-08,5:00 PM,6:30 PM,Math Tutoring,,Heber City,No
2026-10-08,7:00 PM,10:00 PM,Home Football (Theme?) Senior Night vs. Salem Hills,,Heber City,No
2026-10-08,7:00 PM,9:00 PM,Football Vs Salem Hills,,Heber City,No
2026-10-09,,,Black Day,,Heber City,Yes
2026-10-09,,,End of Term 1,,Heber City,Yes
2026-10-09,3:00 PM,6:00 PM,Girls Tennis State,State  Tennis,Heber City,No
2026-10-10,,,All State Choir,,Heber City,Yes
2026-10-12,,,Fall Break,,Heber City,Yes
2026-10-12,,,Teacher Professional Development Day -- No School,,Heber City,Yes
2026-10-13,,,Teacher Professional Development Day -- No School,,Heber City,Yes
2026-10-13,3:30 PM,8:00 PM,Girls Volleyball Vs Timpanogos,girls volleyball vs Timpanogos,Heber City,No
2026-10-13,5:00 PM,8:00 PM,Girls Soccer State Playoff Game,,Heber City,No
2026-10-14,,,Boys Golf State,"State Tournament \
@Palisade State Park",Heber City,Yes
2026-10-14,10:00 AM,11:00 AM,Cross Country@Lake side Park  Orem,Divisionals @Lake side Park Orem,Heber City,No
2026-10-14,5:30 PM,6:30 PM,Football @Mt View,"JV 5:30
Varsity 7:00",Heber City,No
2026-10-15,5:00 PM,8:00 PM,Girls Soccer State Playoff Game,,Heber City,No
2026-10-19,,,FFA Nationals - Indianapolis,,Heber City,Yes
2026-10-19,,,Gold Day,,Heber City,Yes
2026-10-19,7:00 PM,8:00 PM,Zero Fatalities,,Heber City,No
2026-10-20,,,FFA Nationals - Indianapolis,,Heber City,Yes
2026-10-20,,,DC Student Gov. Trip,,Heber City,Yes
2026-10-20,,,Black Day,,Heber City,Yes
2026-10-20,2:00 PM,3:00 PM,Girls Soccer  State Semifinals,state semifinals TBD,Heber City,No
2026-10-20,3:30 PM,8:00 PM,Girls Volleyball@Orem,"Soph 3:30
JV 5:00
Varsity 6:30",Heber City,No
2026-10-21,,,FFA Nationals - Indianapolis,,Heber City,Yes
2026-10-21,,,Gold Day,,Heber City,Yes
2026-10-22,,,FFA Nationals - Indianapolis,,Heber City,Yes
2026-10-22,,,Black Day,,Heber City,Yes
2026-10-22,9:00 AM,10:00 AM,Jostens presentation to 11th & 12th grades,"Seniors will go to the auditorium.  We need to excuse them from class 10 minutes early.  The presentation will go from 9:49 - 9:44 to discuss graduation.

Juniors will go to the nest.  They don't need excused from class early, they will just attend during Excel Time.",Heber City,No
2026-10-22,3:30 PM,8:00 PM,Girls Volleyball Vs Deer Creek sr night,"senior night. 

volleyball vs Deer Creek Sr Night",Heber City,No
2026-10-22,5:00 PM,6:30 PM,Math Tutoring,,Heber City,No
2026-10-23,,,FFA Nationals - Indianapolis,,Heber City,Yes
2026-10-23,,,Gold Day,,Heber City,Yes
2026-10-24,,,FFA Nationals - Indianapolis,,Heber City,Yes
2026-10-24,,,Marching Band @ American Fork High School,,Heber City,Yes
2026-10-24,,,Marching Band @ Riverton High School,,Heber City,Yes
2026-10-26,,,Black Day,,Heber City,Yes
2026-10-27,,,Gold Day,,Heber City,Yes
2026-10-27,7:00 PM,8:00 PM,WHS Orchestra Concert,,Heber City,No
2026-10-28,,,Cross Country State,Cross country State,Heber City,Yes
2026-10-28,,,Black Day,,Heber City,Yes
2026-10-29,,,Gold Day,,Heber City,Yes
2026-10-29,5:00 PM,6:30 PM,Math Tutoring,,Heber City,No
2026-10-30,,,Black Day,,Heber City,Yes
2026-10-31,,,Marching Band @ Davis High School,,Heber City,Yes
2026-11-02,,,Gold Day,,Heber City,Yes
2026-11-03,,,Black Day,,Heber City,Yes
2026-11-04,,,Gold Day,,Heber City,Yes
2026-11-05,,,Black Day,,Heber City,Yes
2026-11-05,5:00 PM,6:30 PM,Math Tutoring,,Heber City,No
2026-11-06,,,Marching Band State Finals @ Utah Tech Stadium,,Heber City,Yes
2026-11-06,,,State Marching Band Competition,,Heber City,Yes
2026-11-06,,,Gold Day,,Heber City,Yes
2026-11-07,8:30 PM,11:00 PM,Sadie Hawkins Dance,,Heber City,No
2026-11-09,,,Black Day,,Heber City,Yes
2026-11-10,,,Gold Day,,Heber City,Yes
2026-11-11,,,Black Day,,Heber City,Yes
2026-11-11,7:00 PM,9:30 PM,"Hello, Dolly! (Fall Musical)",,Heber City,No
2026-11-12,,,Gold Day,,Heber City,Yes
2026-11-12,5:00 PM,6:30 PM,Math Tutoring,,Heber City,No
2026-11-13,,,Black Day,,Heber City,Yes
2026-11-14,7:00 PM,9:30 PM,Hello Dolly (Fall Musical),,Heber City,No
2026-11-16,,,Gold Day,,Heber City,Yes
2026-11-16,7:00 PM,9:30 PM,Hello Dolly (Fall Musical),,Heber City,No
2026-11-17,,,Black Day,,Heber City,Yes
2026-11-17,3:30 PM,9:00 PM,Girls Basketball @ Corner Canyon,,Heber City,No
2026-11-18,,,Gold Day,,Heber City,Yes
2026-11-19,,,Black Day,,Heber City,Yes
2026-11-19,5:00 PM,6:30 PM,Math Tutoring,,Heber City,No
2026-11-20,,,Gold Day,,Heber City,Yes
2026-11-20,7:00 PM,9:30 PM,Hello Dolly (Fall Musical),,Heber City,No
2026-11-21,2:00 PM,4:30 PM,Hello Dolly (Fall Musical) - Matinee,,Heber City,No
2026-11-23,,,Black Day,,Heber City,Yes
2026-11-24,,,Gold Day,,Heber City,Yes
2026-11-24,3:30 PM,9:00 PM,Boys Basketball @ Clearfield,"Sophomore 5:15

JV 3:30

Varsity 7:00

\\",Heber City,No
2026-11-24,3:30 PM,5:00 PM,Basketball Fresh boys @Clearfield,freshman boys basketball @clearfield,Heber City,No
2026-11-25,,,Thanksgiving Break,,Heber City,Yes
2026-11-26,,,All Sports Moratorium,,Heber City,Yes
2026-11-26,,,Thanksgiving Break,,Heber City,Yes
2026-11-27,,,All Sports Moratorium,,Heber City,Yes
2026-11-27,,,Thanksgiving Break,,Heber City,Yes
2026-11-28,,,All Sports Moratorium,,Heber City,Yes
2026-11-29,,,All Sports Moratorium,,Heber City,Yes
2026-11-30,,,The Forgotten Carols,,Heber City,Yes
2026-11-30,,,Black Day,,Heber City,Yes
2026-12-01,,,Gold Day,,Heber City,Yes
2026-12-01,3:00 PM,8:00 PM,Girls Basketball vs. Cedar Valley,,Heber City,No
2026-12-01,3:30 PM,5:00 PM,Boys Basketball freshman vs Maple Mountain,freshman boys bb vrs Maple mountain,Heber City,No
2026-12-02,,,WHS Choirs @ Temple Square,,Heber City,Yes
2026-12-02,,,Black Day,,Heber City,Yes
2026-12-02,5:00 PM,9:00 PM,Boys Wrestling vs Spanish Fork,"Weigh in @ 3:30

JV 5:00

Varsity 7:00 PM",Heber City,No
2026-12-03,,,Gold Day,,Heber City,Yes
2026-12-03,3:30 PM,9:00 PM,Boys Basketball @Cottonwood,"soph 5:15 

JV 3:30

Varsity 7:00",Heber City,No
2026-12-03,5:00 PM,9:00 PM,Boys Wrestling @ Deer Creek,"wrestling @ Deer Creek JV 5:00 PM

Varsity 7:00 PM",Heber City,No
2026-12-03,5:00 PM,6:30 PM,Math Tutoring,,Heber City,No
2026-12-03,5:15 PM,6:15 PM,Freshman Boys Basketball@Cottonwood,,Heber City,No
2026-12-04,,,Black Day,,Heber City,Yes
2026-12-04,2:30 PM,9:00 PM,Boys Wrestling @ Layton Invitational,tournament @ Layton High School,Heber City,No
2026-12-04,3:00 PM,9:00 PM,Set up for Robotics Comp,,Heber City,No
2026-12-04,3:30 PM,9:00 PM,Boys Basketball @ Park City,"Varsity 7:00 PM

JV 3:30

Soph 5:15",Heber City,No
2026-12-04,3:30 PM,5:00 PM,Freshman Basketball @ Park City,,Heber City,No
2026-12-05,8:00 AM,4:00 PM,Robotics Wobble Competition,,Heber City,No
2026-12-07,,,Gold Day,,Heber City,Yes
2026-12-08,,,Black Day,,Heber City,Yes
2026-12-08,3:30 PM,9:00 PM,Boys Baskeball vs Springville,"soph 5:15

JV 3:30

Varsity 7:00",Heber City,No
2026-12-08,3:30 PM,5:00 PM,Freshman Boys Basketball vs Springville,,Heber City,No
2026-12-08,7:00 PM,8:30 PM,Choir Holiday Concert,,Heber City,No
2026-12-09,,,Gold Day,,Heber City,Yes
2026-12-09,5:30 PM,8:30 PM,Girls Wrestling @ Provo w/Summit,,Heber City,No
2026-12-10,,,Black Day,,Heber City,Yes
2026-12-10,5:00 PM,9:00 PM,Boys Wrestling vs Timpanogos,"JV 5:00 PM

Varsity 7:00 PM",Heber City,No
2026-12-10,5:00 PM,6:30 PM,Math Tutoring,,Heber City,No
2026-12-11,,,Boys Wrestling Intermountain Duals,@ Western Sports park,Heber City,Yes
2026-12-11,,,Gold Day,,Heber City,Yes
2026-12-11,2:00 PM,9:00 PM,Boys Wrestling tournament,Wasatch Intermountain Duals,Heber City,No
2026-12-11,3:30 PM,9:30 PM,Boys Basketball @ salem Hills,"soph- 5:15

JV 3:30

Varsity 7:00",Heber City,No
2026-12-11,3:30 PM,5:00 PM,Freshman Boys Basketball @ Salem Hills,,Heber City,No
2026-12-12,,,Intermountain Duals,,Heber City,Yes
2026-12-12,8:30 PM,10:30 PM,Winter Dance,,Heber City,No
2026-12-12,8:30 PM,11:00 PM,Winter Dance,,Heber City,No
2026-12-14,,,Black Day,,Heber City,Yes
2026-12-15,,,Gold Day,,Heber City,Yes
2026-12-15,7:00 PM,8:00 PM,CAPS Showcase,,Heber City,No
2026-12-15,7:00 PM,8:00 PM,Orchestra Concert,,Heber City,No
2026-12-16,,,Black Day,,Heber City,Yes
2026-12-16,10:00 AM,1:00 PM,Christmas Party (Class and Lunch),,Heber City,No
2026-12-16,5:30 PM,8:30 PM,Girls wrestling vs MVHS and Timpanogos,,Heber City,No
2026-12-17,,,Gold Day,,Heber City,Yes
2026-12-17,5:00 PM,9:00 PM,Boys Wrestling @Payson ,Payson Dual JV 5:00 Varsity 7:00 PM,Heber City,No
2026-12-17,5:00 PM,6:30 PM,Math Tutoring,,Heber City,No
2026-12-18,,,Boys Basketball Tournament @ Las Vegas Tarkanian Classic,,Heber City,Yes
2026-12-18,,,Black Day,,Heber City,Yes
2026-12-18,11:00 AM,1:00 PM,Winter Assembly (Reyonlds),,Heber City,No
2026-12-18,1:00 PM,9:00 PM,Boys Wrestling Christmas Clash,,Heber City,No
2026-12-19,,,Boys Basketball Tournament @ Las Vegas Tarkanian Classic,,Heber City,Yes
2026-12-19,,,Boys Wrestling Christmas Clash,Christmas Clash tournament @ Western Sports Park,Heber City,Yes
2026-12-21,,,Boys Basketball Tournament @ Las Vegas Tarkanian Classic,,Heber City,Yes
2026-12-21,,,All Sports Moratorium,,Heber City,Yes
2026-12-21,,,Winter Break,,Heber City,Yes
2026-12-22,,,Boys Basketball Tournament @ Las Vegas Tarkanian Classic,,Heber City,Yes
2026-12-22,,,All Sports Moratorium,,Heber City,Yes
2026-12-22,,,Winter Break,,Heber City,Yes
2026-12-23,,,All Sports Moratorium,,Heber City,Yes
2026-12-23,,,Winter Break,,Heber City,Yes
2026-12-24,,,All Sports Moratorium,,Heber City,Yes
2026-12-24,,,Winter Break,,Heber City,Yes
2026-12-25,,,All Sports Moratorium,,Heber City,Yes
2026-12-25,,,Winter Break,,Heber City,Yes
2026-12-26,,,Winter Break,,Heber City,Yes
2026-12-27,,,Winter Break,,Heber City,Yes
2026-12-28,,,Winter Break,,Heber City,Yes
2026-12-29,,,Winter Break,,Heber City,Yes
2026-12-29,5:00 PM,9:00 PM,Boys wrestling @ Salem HIlls ,"JV 5:00 

Varsity 7:00 PM",Heber City,No
2026-12-30,,,Winter Break,,Heber City,Yes
2026-12-30,3:30 PM,9:00 PM,Boys Basketball vs Payson,"soph-5:15

JV 3:30

Varsity 7:00",Heber City,No
2026-12-30,3:30 PM,5:00 PM,freshman boys basketball vs Payson,,Heber City,No
2026-12-30,5:00 PM,9:00 PM,Boys wrestling @ Juab HS,"JV 5:00 PM

varsity 7:00 PM",Heber City,No
2026-12-31,,,Winter Break,,Heber City,Yes
2027-01-01,,,All Sports Moratorium,,Heber City,Yes
2027-01-01,,,Winter Break,,Heber City,Yes
2027-01-04,,,Teacher Professional Development Day -- No School,,Heber City,Yes
2027-01-05,,,Teacher Professional Development Day -- No School,,Heber City,Yes
2027-01-05,3:30 PM,9:00 PM,Boys Basketball @ Provo,"Varsity 7:00

JV 3:30

Sophomore 5:15",Heber City,No
2027-01-05,3:30 PM,5:30 PM,Freshman Boy Basketball @ Provo,,Heber City,No
2027-01-05,5:00 PM,9:00 PM,Boys Wrestling Vs Layton,,Heber City,No
2027-01-06,,,Gold Day,,Heber City,Yes
2027-01-06,5:30 PM,8:30 PM,Girls wrestling Vs Deer Creek & Orem,,Heber City,No
2027-01-07,,,Black Day,,Heber City,Yes
2027-01-07,5:00 PM,6:30 PM,Math Tutoring,,Heber City,No
2027-01-08,,,Boys Wrestling Rollie Lane Invitational,Rollie Lane @ Idaho Center,Heber City,Yes
2027-01-08,,,Gold Day,,Heber City,Yes
2027-01-08,3:30 PM,9:00 PM,Boys Basketball vrs Mountain View,"soph 5:15

JV 3:30

Varsity 7:00",Heber City,No
2027-01-11,,,Black Day,,Heber City,Yes
2027-01-12,,,Gold Day,,Heber City,Yes
2027-01-12,3:30 PM,9:00 PM,Boys Basketball vs Summit Academy,"soph 5:15

JV 3:30

Varsity 7:00",Heber City,No
2027-01-12,3:30 PM,5:30 PM,Freshman Boys Basketball  Vs Summit Academy,,Heber City,No
2027-01-12,5:00 PM,9:00 PM,Boys Wrestling @ Mnt View HS,"JV 5:00 PM

Varsity 7:00 PM",Heber City,No
2027-01-13,,,Black Day,,Heber City,Yes
2027-01-13,11:00 AM,1:00 PM,Club Swarm @Lunch,,Heber City,No
2027-01-13,5:30 PM,8:30 PM,Girls Wrestling @ Uintah,,Heber City,No
2027-01-14,,,Gold Day,,Heber City,Yes
2027-01-14,5:00 PM,6:30 PM,Math Tutoring,,Heber City,No
2027-01-15,,,Black Day,,Heber City,Yes
2027-01-15,8:30 AM,5:00 PM,Boys Wrestling@ PIne View tournament,,Heber City,No
2027-01-15,3:30 PM,9:00 PM,Boys Basketball vs Timpanogos,"varsity 7;00

JV 3:30

Sophomore 5:15",Heber City,No
2027-01-15,3:30 PM,5:30 PM,Freshman Boys Basketball vs Timpanogos,,Heber City,No
2027-01-18,,,Martin Luther King Jr. Day -- No School,,Heber City,Yes
2027-01-19,,,Gold Day,,Heber City,Yes
2027-01-19,3:30 PM,9:00 PM,Boys Basketball @Uintah,"soph-5:15

Jv 3:30

Varsity 7:00",Heber City,No
2027-01-19,3:30 PM,5:30 PM,Freshman boys basketball @ Uintah,,Heber City,No
2027-01-20,,,Black Day,,Heber City,Yes
2027-01-20,5:00 PM,9:00 PM,Boys Wrestling Vs Uintah,"JV 5:00 

Varsity 7:00",Heber City,No
2027-01-21,,,Gold Day,,Heber City,Yes
2027-01-21,5:00 PM,6:30 PM,Math Tutoring,,Heber City,No
2027-01-22,,,Boys Wrestling Rockwell Rumble. @ Western Sports Park,Rockwell Rumble @ Western Sports Park,Heber City,Yes
2027-01-22,,,Black Day,,Heber City,Yes
2027-01-24,,,Gold Day,,Heber City,Yes
2027-01-25,,,Gold Day,,Heber City,Yes
2027-01-26,,,Gold Day,,Heber City,Yes
2027-01-26,,,Black Day,,Heber City,Yes
2027-01-26,3:30 PM,4:30 PM,Boys Basketball Vs Deer Creek,"soph 5:15

JV 3:30

Varsity 7:00",Heber City,No
2027-01-26,3:30 PM,5:30 PM,Freshman boys basketball Vs Deer Creek,,Heber City,No
2027-01-28,,,Gold Day,,Heber City,Yes
2027-01-28,,,Black Day,,Heber City,Yes
2027-01-28,5:00 PM,6:30 PM,Math Tutoring,,Heber City,No
2027-01-29,3:30 PM,9:00 PM,Boys Basketball vs Provo,"soph 5:15

JV 3:30

Varsity 7:00",Heber City,No
2027-01-29,3:30 PM,5:30 PM,freshman boys baskeball Vs Provo,,Heber City,No
2027-02-01,,,Black Day,,Heber City,Yes
2027-02-02,,,Gold Day,,Heber City,Yes
2027-02-02,3:30 PM,9:00 PM,Boys Basketball @ Mountain View,"soph 5:15

JV 3:30

Varsity 7:00",Heber City,No
2027-02-03,,,Boys Wrestling Divisionals @ Jordan HS,Divisionals @ Jordan HS,Heber City,Yes
2027-02-03,,,Black Day,,Heber City,Yes
2027-02-04,,,Gold Day,,Heber City,Yes
2027-02-04,5:00 PM,6:30 PM,Math Tutoring,,Heber City,No
2027-02-05,,,Black Day,,Heber City,Yes
2027-02-05,3:00 PM,9:00 PM,Boys Basketball @ summit academy,"soph 5:15

JV 3:30

Varsity 7:00",Heber City,No
2027-02-05,3:30 PM,5:30 PM,Freshman Boys Basketball @Summit Academy,,Heber City,No
2027-02-06,9:30 PM,12:00 AM,Sweethearts Dance,,Heber City,No
2027-02-08,,,Gold Day,,Heber City,Yes
2027-02-09,,,Black Day,,Heber City,Yes
2027-02-09,3:30 PM,9:30 PM,Boys Basketball @ Timpanogos,"Varsity 7:00 PM

JV 5:15 PM

sophomore 3:30",Heber City,No
2027-02-09,3:30 PM,5:30 PM,Freshman Boys Basketball @ Timpanogos,,Heber City,No
2027-02-09,7:00 PM,8:15 PM,"""Songs & Sweets"" Choir Event",,Heber City,No
2027-02-10,,,Gold Day,,Heber City,Yes
2027-02-10,7:00 PM,8:30 PM,Murder on the Orient Express (Winter Play),,Heber City,No
2027-02-11,,,Black Day,,Heber City,Yes
2027-02-11,5:00 PM,6:30 PM,Math Tutoring,,Heber City,No
2027-02-11,7:00 PM,9:30 PM,Murder on the Orient Express (Winter Play),,Heber City,No
2027-02-12,,,Gold Day,,Heber City,Yes
2027-02-12,3:30 PM,9:00 PM,Boys Basketball Vs Uintah,"soph 5:15

JV 3:30

Varsity 7:00",Heber City,No
2027-02-12,3:30 PM,5:30 PM,Freshman boys basketball Vs Uintah,,Heber City,No
2027-02-12,7:00 PM,8:30 PM,Murder on the Orient Express (Winter Play) ,,Heber City,No
2027-02-13,7:00 PM,9:30 PM,Murder on the Orient Express (Winter Play) ,,Heber City,No
2027-02-16,,,Black Day,,Heber City,Yes
2027-02-17,,,Gold Day,,Heber City,Yes
2027-02-17,12:00 PM,9:00 PM,Boys Wrestling State Championships @ UCCU,state tournament @ UCCU,Heber City,No
2027-02-17,7:00 PM,8:15 PM,Wasatch District Orchestra Concert,,Heber City,No
2027-02-18,,,Black Day,,Heber City,Yes
2027-02-18,5:00 PM,6:30 PM,Math Tutoring,,Heber City,No
2027-02-18,7:00 PM,8:30 PM,Wasatch District Band Concert,,Heber City,No
2027-02-19,,,Gold Day,,Heber City,Yes
2027-02-19,3:30 PM,9:00 PM,Boys Basketball @ Deer Creek,"soph 5:15

JV 3:30

Varsity 7:00",Heber City,No
2027-02-19,3:30 PM,4:30 PM,freshman boys basketball@ Deer Creek,,Heber City,No
2027-02-22,,,Black Day,,Heber City,Yes
2027-02-22,,,Black Day,,Heber City,Yes
2027-02-23,,,Gold Day,,Heber City,Yes
2027-02-24,,,Black Day,,Heber City,Yes
2027-02-24,12:00 PM,7:00 PM,Region Instrumental Solo & Ensemble Festival,,Heber City,No
2027-02-24,4:00 PM,5:00 PM,Boys Basketball State Round 1,,Heber City,No
2027-02-25,,,Gold Day,,Heber City,Yes
2027-02-25,5:00 PM,6:30 PM,Math Tutoring,,Heber City,No
2027-02-26,,,Black Day,,Heber City,Yes
2027-02-26,11:30 AM,12:30 PM,Boys Basketball State Round 2 TBD,,Heber City,No
2027-03-01,,,Gold Day,,Heber City,Yes
2027-03-01,11:30 AM,12:30 PM,Boys Basketball state Quarters,,Heber City,No
2027-03-02,,,Black Day,,Heber City,Yes
2027-03-02,11:30 AM,12:30 PM,Boys Basketball Semifinals @ UCCU,,Heber City,No
2027-03-03,,,Gold Day,,Heber City,Yes
2027-03-03,11:30 AM,12:30 PM,Boys Basketball state Championship @ UCCU,,Heber City,No
2027-03-03,12:00 PM,7:00 PM,Region Jazz Festival,,Heber City,No
2027-03-03,6:30 PM,8:30 PM,Issues Conference ,,Heber City,No
2027-03-04,,,Black Day,,Heber City,Yes
2027-03-04,5:00 PM,6:30 PM,Math Tutoring,,Heber City,No
2027-03-04,7:00 PM,8:30 PM,Choir Concert,,Heber City,No
2027-03-05,,,Gold Day,,Heber City,Yes
2027-03-08,,,Black Day,,Heber City,Yes
2027-03-09,,,Gold Day,,Heber City,Yes
2027-03-10,,,Black Day,,Heber City,Yes
2027-03-10,,,End of Term 3,,Heber City,Yes
2027-03-10,1:00 PM,6:00 PM,Region Vocal Solo & Ensemble Festival,,Heber City,No
2027-03-11,5:00 PM,6:30 PM,Math Tutoring,,Heber City,No
2027-03-12,12:00 PM,10:00 PM,Dance Co. Fundraiser - Step Up Dance Competition,,Heber City,No
2027-03-12,12:00 PM,10:00 PM,Step-up Dance Competition,,Heber City,No
2027-03-13,7:00 AM,10:00 PM,Step-up Dance Competition,,Heber City,No
2027-03-15,,,Gold Day,,Heber City,Yes
2027-03-16,,,Black Day,,Heber City,Yes
2027-03-17,,,Gold Day,,Heber City,Yes
2027-03-17,12:00 PM,6:00 PM,Region Orchestra Festival,,Heber City,No
2027-03-18,,,Black Day,,Heber City,Yes
2027-03-18,5:00 PM,6:30 PM,Math Tutoring,,Heber City,No
2027-03-19,,,Gold Day,,Heber City,Yes
2027-03-22,,,Black Day,,Heber City,Yes
2027-03-22,,,Black Day,,Heber City,Yes
2027-03-23,,,Gold Day,,Heber City,Yes
2027-03-24,,,Black Day,,Heber City,Yes
2027-03-24,9:00 AM,9:00 PM,Region Band Festival,,Heber City,No
2027-03-25,,,Region Theatre Competition-One Act,,Heber City,Yes
2027-03-25,,,Gold Day,,Heber City,Yes
2027-03-25,5:00 PM,6:30 PM,Math Tutoring,,Heber City,No
2027-03-26,,,NUES Region Sterling Scholar Competition,,Heber City,Yes
2027-03-26,,,Black Day,,Heber City,Yes
2027-03-29,,,Gold Day,,Heber City,Yes
2027-03-30,,,Black Day,,Heber City,Yes
2027-03-31,,,Gold Day,,Heber City,Yes
2027-03-31,1:00 PM,8:00 PM,Region Large Choir Festival,,Heber City,No
2027-04-01,,,Black Day,,Heber City,Yes
2027-04-02,,,Gold Day,,Heber City,Yes
2027-04-05,,,Spring Break -- No School,,Heber City,Yes
2027-04-06,,,Spring Break -- No School,,Heber City,Yes
2027-04-07,,,Spring Break -- No School,,Heber City,Yes
2027-04-08,,,Spring Break -- No School,,Heber City,Yes
2027-04-08,5:00 PM,6:30 PM,Math Tutoring,,Heber City,No
2027-04-09,,,Spring Break -- No School,,Heber City,Yes
2027-04-12,,,Black Day,,Heber City,Yes
2027-04-13,,,Gold Day,,Heber City,Yes
2027-04-14,,,Black Day,,Heber City,Yes
2027-04-14,1:00 PM,5:00 PM,Region Training Choir Festival,,Heber City,No
2027-04-15,,,State Theatre Competition - One Acts,,Heber City,Yes
2027-04-15,,,Gold Day,,Heber City,Yes
2027-04-15,5:00 PM,6:30 PM,Math Tutoring,,Heber City,No
2027-04-16,,,State Theatre Competition - One Acts,,Heber City,Yes
2027-04-16,,,Black Day,,Heber City,Yes
2027-04-17,,,State Theatre Competition - Individual Events,,Heber City,Yes
2027-04-17,6:00 PM,7:30 PM,Promenade,,Heber City,No
2027-04-17,8:30 PM,11:00 PM,Junior Prom Dance,,Heber City,No
2027-04-19,,,Gold Day,,Heber City,Yes
2027-04-20,,,Black Day,,Heber City,Yes
2027-04-21,,,Gold Day,,Heber City,Yes
2027-04-22,,,Black Day,,Heber City,Yes
2027-04-22,5:00 PM,6:30 PM,Math Tutoring,,Heber City,No
2027-04-23,,,Gold Day,,Heber City,Yes
2027-04-23,7:00 PM,8:30 PM,Tuck Everlasting (Spring Musical) ,,Heber City,No
2027-04-24,7:00 PM,8:30 PM,Tuck Everlasting (Spring Musical),,Heber City,No
2027-04-26,,,Black Day,,Heber City,Yes
2027-04-26,7:00 PM,8:30 PM,Tuck Everlasting (Spring Musical),,Heber City,No
2027-04-27,,,Gold Day,,Heber City,Yes
2027-04-28,,,Black Day,,Heber City,Yes
2027-04-28,7:00 PM,8:30 PM,Tuck Everlasting (Spring Musical),,Heber City,No
2027-04-29,,,Gold Day,,Heber City,Yes
2027-04-29,5:00 PM,6:30 PM,Math Tutoring,,Heber City,No
2027-04-30,,,Black Day,,Heber City,Yes
2027-04-30,7:00 PM,9:30 PM,Tuck Everlasting (Spring Musical),,Heber City,No
2027-05-01,,,State Solo & Ensemble Festival,,Heber City,Yes
2027-05-01,7:00 AM,1:15 PM,PEAK 5K,,Heber City,No
2027-05-03,,,State Orchestra Festival,,Heber City,Yes
2027-05-03,,,Gold Day,,Heber City,Yes
2027-05-03,5:00 PM,9:00 PM,Rotary Honors Night,The event will be at 7pm.,Heber City,No
2027-05-04,,,State Orchestra Festival,,Heber City,Yes
2027-05-04,,,Black Day,,Heber City,Yes
2027-05-05,,,State Orchestra Festival,,Heber City,Yes
2027-05-05,,,Gold Day,,Heber City,Yes
2027-05-06,,,State Band Festival,,Heber City,Yes
2027-05-06,,,Black Day,,Heber City,Yes
2027-05-06,5:00 PM,6:30 PM,Math Tutoring,,Heber City,No
2027-05-07,,,State Band Festival,,Heber City,Yes
2027-05-07,,,Gold Day,,Heber City,Yes
2027-05-08,,,State Band Festival,,Heber City,Yes
2027-05-10,,,Black Day,,Heber City,Yes
2027-05-10,,,Black Day,,Heber City,Yes
2027-05-11,,,Gold Day,,Heber City,Yes
2027-05-11,7:00 PM,8:30 PM,Orchestra Concert,,Heber City,No
2027-05-12,,,Black Day,,Heber City,Yes
2027-05-13,,,State Choir Festival,,Heber City,Yes
2027-05-13,,,Gold Day,,Heber City,Yes
2027-05-13,5:00 PM,6:30 PM,Math Tutoring,,Heber City,No
2027-05-13,7:00 PM,8:15 PM,Choir Concert,,Heber City,No
2027-05-14,,,State Choir Festival,,Heber City,Yes
2027-05-14,,,Black Day,,Heber City,Yes
2027-05-15,,,State Choir Festival,,Heber City,Yes
2027-05-17,,,Gold Day,,Heber City,Yes
2027-05-18,,,Black Day,,Heber City,Yes
2027-05-18,7:00 PM,8:30 PM,Band Concert,,Heber City,No
2027-05-19,,,Gold Day,,Heber City,Yes
2027-05-19,6:30 PM,8:00 PM,Theatre Recognition Night,,Heber City,No
2027-05-20,,,Black Day,,Heber City,Yes
2027-05-20,5:00 PM,6:30 PM,Math Tutoring,,Heber City,No
2027-05-21,,,Gold Day,,Heber City,Yes
2027-05-24,,,Black Day,,Heber City,Yes
2027-05-24,,,Black Day,,Heber City,Yes
2027-05-25,,,Gold Day,,Heber City,Yes
2027-05-26,,,Black Day,,Heber City,Yes
2027-05-27,,,Gold Day,,Heber City,Yes
2027-05-27,,,Last Day of School,,Heber City,Yes
2027-06-28,,,All Sports Moratorium,,Heber City,Yes
2027-06-29,,,All Sports Moratorium,,Heber City,Yes
2027-06-30,,,All Sports Moratorium,,Heber City,Yes
